,x,y,z
0,-9076.524485851947,5962.9492439085925,0.0
1,-9076.57182238728,5962.95549776422,0.0
2,-9077.045180163617,5963.018031342777,-4.547473508864641e-13
3,-9081.77800041613,5963.642869555998,0.0
4,-9129.030637912161,5969.8416928681145,0.0
5,-9237.718354526683,5983.827706570899,0.0
6,-9346.900096144533,5997.497494726054,-4.547473508864641e-13
7,-9456.829251811152,6010.878910414317,-4.547473508864641e-13
8,-9567.50493154797,6023.966612551989,-1.3642420526593924e-12
9,-9678.927158575854,6036.755330170034,0.0
10,-9791.095803507247,6049.239727679134,0.0
11,-9904.010615669315,6061.414408700641,-4.547473508864641e-13
12,-10017.671173304152,6073.2739108670685,-4.547473508864641e-13
13,-10132.076914267007,6084.812709587672,-4.547473508864641e-13
14,-10247.227119918374,6096.025216641733,-1.3642420526593924e-12
15,-10363.120922958036,6106.905781259113,-9.094947017729282e-13
16,-10479.7572675131,6117.448686747588,-1.3642420526593924e-12
17,-10597.13495082525,6127.648154847922,-1.3642420526593924e-12
18,-10715.252587558112,6137.4983428385,-9.094947017729282e-13
19,-10834.108622560147,6146.993345116823,-1.3642420526593924e-12
20,-10953.701323252724,6156.127192932334,-1.8189894035458565e-12
21,-11074.02875685701,6164.893853140655,-1.8189894035458565e-12
22,-11195.088824875424,6173.2872312463605,-1.3642420526593924e-12
23,-11316.879212006112,6181.301168173977,-1.8189894035458565e-12
24,-11439.397427898966,6188.929443674718,-4.547473508864641e-13
25,-11562.640763302112,6196.165773906931,-9.094947017729282e-13
26,-11686.606303692017,6203.003812953144,0.0
27,-11811.290927866707,6209.437153231738,4.547473508864641e-13
28,-11936.6913111118,6215.459326082337,4.547473508864641e-13
29,-12062.803890139621,6221.063800583383,9.094947017729282e-13
30,-12189.62487743931,6226.243984984438,1.3642420526593924e-12
31,-12317.15026373258,6230.993227338114,1.8189894035458565e-12
32,-12445.375790148562,6235.304815043202,1.8189894035458565e-12
33,-12574.296958258394,6239.171975986908,1.8189894035458565e-12
34,-12703.909041629176,6242.58787943336,1.8189894035458565e-12
35,-12834.207043747574,6245.545635463732,2.7284841053187847e-12
36,-12965.185723130486,6248.038296419632,1.8189894035458565e-12
37,-13096.839577929286,6250.058857170171,1.8189894035458565e-12
38,-13229.162827621167,6251.600255611864,9.094947017729282e-13
39,-13362.149429447662,6252.655373708494,2.7284841053187847e-12
40,-13495.793047116502,6253.21703797281,2.7284841053187847e-12
41,-13630.08708176791,6253.278020480535,1.8189894035458565e-12
42,-13765.024620922224,6252.831039530396,2.7284841053187847e-12
43,-13900.598481418376,6251.86876053091,3.637978807091713e-12
44,-14036.801152813732,6250.383797100956,3.637978807091713e-12
45,-14173.624840069999,6248.368711726142,3.637978807091713e-12
46,-14311.061430290909,6245.816016904777,3.637978807091713e-12
47,-14449.102492522146,6242.718176165584,2.7284841053187847e-12
48,-14587.739257112533,6239.067605579379,3.637978807091713e-12
49,-14726.962633297317,6234.856674433868,4.547473508864641e-12
50,-14867.230915866927,6230.060790508192,4.547473508864641e-12
51,-15008.712097744094,6224.659492742985,5.4569682106375694e-12
52,-15151.390516953988,6218.637412167616,4.547473508864641e-12
53,-15295.250943335155,6211.97904584565,4.547473508864641e-12
54,-15440.277447705745,6204.66879628891,3.637978807091713e-12
55,-15586.453441476724,6196.690971966727,3.637978807091713e-12
56,-15733.761586843524,6188.0297944395625,4.547473508864641e-12
57,-15882.183865533269,6178.669397169502,3.637978807091713e-12
58,-16031.701522601925,6168.593830983176,4.547473508864641e-12
59,-16182.295097342307,6157.787064258188,5.4569682106375694e-12
60,-16333.944381716485,6146.232987674663,5.4569682106375694e-12
61,-16486.62843865921,6133.915414789206,5.4569682106375694e-12
62,-16640.325561119993,6120.818086968058,5.4569682106375694e-12
63,-16795.01332403729,6106.924670532861,6.366462912410498e-12
64,-16950.668512251417,6092.218764104776,5.4569682106375694e-12
65,-17107.267170643718,6076.683895164432,4.547473508864641e-12
66,-17264.78455186857,6060.303525672729,4.547473508864641e-12
67,-17423.19514180325,6043.061050110991,4.547473508864641e-12
68,-17582.472636475344,6024.9397979601035,4.547473508864641e-12
69,-17742.589921090854,6005.923036115158,3.637978807091713e-12
70,-17903.51909032359,5985.9939662074885,2.7284841053187847e-12
71,-18065.23141098336,5965.135728340152,3.637978807091713e-12
72,-18227.697302032204,5943.3314030235,3.637978807091713e-12
73,-18390.88638214416,5920.564003538737,1.8189894035458565e-12
74,-18554.76735513692,5896.81649005091,2.7284841053187847e-12
75,-18719.308085144894,5872.071757706479,2.7284841053187847e-12
76,-18884.475534651556,5846.312643311394,4.547473508864641e-12
77,-19050.235743862104,5819.521926505853,4.547473508864641e-12
78,-19216.55382541434,5791.682328236069,3.637978807091713e-12
79,-19383.393921323233,5762.776515215372,3.637978807091713e-12
80,-19550.719185032845,5732.787100440313,4.547473508864641e-12
81,-19718.49174897952,5701.696646154647,3.637978807091713e-12
82,-19886.672707043894,5669.487664128912,3.637978807091713e-12
83,-20055.222052049783,5636.142624603473,3.637978807091713e-12
84,-20224.09865960407,5601.6439569362265,3.637978807091713e-12
85,-20393.26023013537,5565.974058737898,3.637978807091713e-12
86,-20562.663259255,5529.115299913936,2.7284841053187847e-12
87,-20732.26297049866,5491.050035316611,3.637978807091713e-12
88,-20902.013258330146,5451.760616584668,2.7284841053187847e-12
89,-21071.866628960837,5411.229405750251,5.4569682106375694e-12
90,-21241.774145696785,5369.438789110136,3.637978807091713e-12
91,-21411.685340272164,5326.371201111253,3.637978807091713e-12
92,-21581.548139285624,5282.009147151568,4.547473508864641e-12
93,-21751.308771826254,5236.3352339278335,4.547473508864641e-12
94,-21920.911663027815,5189.332207255171,2.7284841053187847e-12
95,-22090.29935825657,5140.982985527308,3.637978807091713e-12
96,-22259.412366596487,5091.270720575306,2.7284841053187847e-12
97,-22428.189055092862,5040.178850860753,3.637978807091713e-12
98,-22596.5655145751,4987.691169581433,3.637978807091713e-12
99,-22764.475393280427,4933.791911400148,1.8189894035458565e-12
100,-22931.84974941479,4878.465843701919,5.4569682106375694e-12
101,-23098.616851596136,4821.698386812213,3.637978807091713e-12
102,-23264.70202119865,4763.4757347742925,3.637978807091713e-12
103,-23430.027403294083,4703.78501693498,5.4569682106375694e-12
104,-23594.51176887488,4642.614468941899,3.637978807091713e-12
105,-23758.070287564613,4579.953637031493,3.637978807091713e-12
106,-23920.6143091024,4515.793605646672,3.637978807091713e-12
107,-24082.051131233762,4450.127260585978,3.637978807091713e-12
108,-24242.283789281384,4382.949578170515,5.4569682106375694e-12
109,-24401.210856423608,4314.25794843972,3.637978807091713e-12
110,-24558.726269986437,4244.052530326146,3.637978807091713e-12
111,-24714.719214629884,4172.336628656217,5.4569682106375694e-12
112,-24869.074055482575,4099.117098211928,3.637978807091713e-12
113,-25021.670373923433,4024.4047517363424,5.4569682106375694e-12
114,-25172.383100125557,3948.21477267111,7.275957614183426e-12
115,-25321.08279008056,3870.567105457123,5.4569682106375694e-12
116,-25467.636065379273,3791.4868053047985,5.4569682106375694e-12
117,-25611.906219931552,3711.004333084539,5.4569682106375694e-12
118,-25753.754051508175,3629.1557464337566,7.275957614183426e-12
119,-25893.03887864238,3545.982784675235,9.094947017729282e-12
120,-26029.619740028214,3461.5328233440587,9.094947017729282e-12
121,-26163.35679330325,3375.8586560323774,7.275957614183426e-12
122,-26294.112796271304,3289.018141434861,1.0913936421275139e-11
123,-26421.75472267701,3201.073649157328,9.094947017729282e-12
124,-26546.155289647548,3112.091419885136,9.094947017729282e-12
125,-26667.194486866938,3022.1407580772957,7.275957614183426e-12
126,-26784.760890305995,2931.293192053011,7.275957614183426e-12
127,-26898.752804048643,2839.6215693122595,7.275957614183426e-12
128,-27009.079097391394,2747.1991945616974,9.094947017729282e-12
129,-27115.659754964516,2654.0990210620266,9.094947017729282e-12
130,-27218.426193707746,2560.3928740227393,9.094947017729282e-12
131,-27317.321180360806,2466.1508893381897,7.275957614183426e-12
132,-27412.298582187555,2371.4410110306426,9.094947017729282e-12
133,-27503.32294431341,2276.328580209719,7.275957614183426e-12
134,-27590.368785944913,2180.876173171475,7.275957614183426e-12
135,-27673.419923635953,2085.143417404154,7.275957614183426e-12
136,-27752.468671574614,1989.1869618614064,9.094947017729282e-12
137,-27827.515009586685,1893.0605408315796,9.094947017729282e-12
138,-27898.565806305145,1796.815043031549,5.4569682106375694e-12
139,-27965.634029787758,1700.498681738285,5.4569682106375694e-12
140,-28028.942676490453,1603.8346151212554,9.094947017729282e-12
141,-28088.541927337385,1506.7542932212227,5.4569682106375694e-12
142,-28144.405220832738,1409.3020646696368,5.4569682106375694e-12
143,-28196.50968922617,1311.5231456408146,7.275957614183426e-12
144,-28244.836350648045,1213.4634196638171,7.275957614183426e-12
145,-28289.370208724813,1115.169354125449,5.4569682106375694e-12
146,-28330.100384229532,1016.687801862593,7.275957614183426e-12
147,-28367.020186022623,918.0658616944629,3.637978807091713e-12
148,-28400.127140409695,819.350791008952,5.4569682106375694e-12
149,-28429.423036796295,720.5898142611095,3.637978807091713e-12
150,-28454.913919117946,621.8300061331829,3.637978807091713e-12
151,-28476.61005452817,523.1181948650692,5.4569682106375694e-12
152,-28494.52589213212,424.50084114401125,5.4569682106375694e-12
153,-28508.679999150932,326.02394195859415,5.4569682106375694e-12
154,-28519.09498163268,227.7329541398758,5.4569682106375694e-12
155,-28525.79739390604,129.6727559343517,7.275957614183426e-12
156,-28528.81764735283,31.88758224081448,7.275957614183426e-12
157,-28528.189914957948,-65.57892205031112,5.4569682106375694e-12
158,-28523.952053840832,-162.6836636276621,7.275957614183426e-12
159,-28516.145576392857,-259.38372452900603,9.094947017729282e-12
160,-28504.815729911374,-355.6358464204113,7.275957614183426e-12
161,-28490.011895084266,-451.3947614970193,9.094947017729282e-12
162,-28471.78888333994,-546.6090144079608,5.4569682106375694e-12
163,-28450.211530119916,-641.2071499717549,7.275957614183426e-12
164,-28425.3742210094,-735.0418313694618,7.275957614183426e-12
165,-28397.52607650878,-827.5411202035257,7.275957614183426e-12
166,-28368.56202639037,-913.710020383849,7.275957614183426e-12
167,-28334.44787281717,-1005.5894509229693,7.275957614183426e-12
168,-28296.42049650621,-1098.7732592682369,9.094947017729282e-12
169,-28254.614473292975,-1192.6006414057238,9.094947017729282e-12
170,-28209.030526809795,-1286.864969219493,9.094947017729282e-12
171,-28159.641811304224,-1381.4609429739412,9.094947017729282e-12
172,-28106.414715627176,-1476.3158700885097,1.0913936421275139e-11
173,-28049.315063745285,-1571.3696754570492,9.094947017729282e-12
174,-27988.31061154903,-1666.5674644231149,1.0913936421275139e-11
175,-27923.372364400242,-1761.8562330333243,9.094947017729282e-12
176,-27854.475444578442,-1857.1832370238117,9.094947017729282e-12
177,-27781.599869701684,-1952.4949871141262,1.0913936421275139e-11
178,-27704.73121407818,-2047.7367034941626,9.094947017729282e-12
179,-27623.861290393183,-2142.851928446981,1.2732925824820995e-11
180,-27538.988824621385,-2237.7822836666232,1.0913936421275139e-11
181,-27450.120110449167,-2332.46734759667,1.2732925824820995e-11
182,-27357.269677834392,-2426.8445868112176,1.0913936421275139e-11
183,-27260.460883688145,-2520.8494170674794,1.2732925824820995e-11
184,-27159.726499486038,-2614.415291375983,1.2732925824820995e-11
185,-27055.109110427053,-2707.4739710485683,1.4551915228366852e-11
186,-26946.66146730916,-2799.9558115666077,1.2732925824820995e-11
187,-26834.44663410528,-2891.790184373792,1.4551915228366852e-11
188,-26718.537909213177,-2982.906013390775,1.4551915228366852e-11
189,-26599.01861720941,-3073.2323206027404,1.2732925824820995e-11
190,-26475.98161362291,-3162.698885618772,1.4551915228366852e-11
191,-26349.5285777333,-3251.236932786624,1.2732925824820995e-11
192,-26219.769151818335,-3338.7797927133834,1.4551915228366852e-11
193,-26086.819820558645,-3425.2636041775613,1.2732925824820995e-11
194,-25950.802798251487,-3510.627873152412,1.4551915228366852e-11
195,-25811.844728080345,-3594.8160304829844,1.4551915228366852e-11
196,-25670.075403643506,-3677.775859684627,1.2732925824820995e-11
197,-25525.626525090684,-3759.4598099780433,1.2732925824820995e-11
198,-25378.630544102252,-3839.8251847757138,1.2732925824820995e-11
199,-25229.219577030573,-3918.8342387759635,1.4551915228366852e-11
200,-25077.524477060702,-3996.4541538401154,1.0913936421275139e-11
201,-24923.674048382578,-4072.6569252044364,1.2732925824820995e-11
202,-24767.79440826195,-4147.419172694314,1.4551915228366852e-11
203,-24610.00849814287,-4220.7218915612475,1.2732925824820995e-11
204,-24450.435716535052,-4292.550167819194,1.4551915228366852e-11
205,-24289.1916988599,-4362.892855481194,1.4551915228366852e-11
206,-24126.38814405781,-4431.742266718435,1.2732925824820995e-11
207,-23962.132784274105,-4499.093835175583,1.2732925824820995e-11
208,-23796.52938648917,-4564.9458034857935,1.2732925824820995e-11
209,-23629.677815174,-4629.298921348836,1.2732925824820995e-11
210,-23461.674130383642,-4692.156163769381,1.2732925824820995e-11
211,-23292.610727321833,-4753.5224655728125,1.2732925824820995e-11
212,-23122.57646686641,-4813.404488763965,1.2732925824820995e-11
213,-22951.656855140627,-4871.810398796277,1.4551915228366852e-11
214,-22779.93418228299,-4928.749679402679,1.2732925824820995e-11
215,-22607.487705649088,-4984.232953234972,1.2732925824820995e-11
216,-22434.393792941933,-5038.271834916708,1.2732925824820995e-11
217,-22260.7260800771,-5090.878795363336,1.2732925824820995e-11
218,-22086.555626808997,-5142.06704149383,1.0913936421275139e-11
219,-21911.95104693644,-5191.850416162188,1.2732925824820995e-11
220,-21736.978648102475,-5240.243305945243,1.2732925824820995e-11
221,-21561.702542527564,-5287.260566517128,1.2732925824820995e-11
222,-21386.184778620904,-5332.91745024707,1.2732925824820995e-11
223,-21210.485424530496,-5377.229553583133,1.2732925824820995e-11
224,-21034.662688094722,-5420.212760632711,1.0913936421275139e-11
225,-20858.77299254997,-5461.883203221663,1.0913936421275139e-11
226,-20682.871083678023,-5502.257217572458,1.2732925824820995e-11
227,-20507.01007419765,-5541.35131948544,1.0913936421275139e-11
228,-20331.241537207225,-5579.182170918069,1.2732925824820995e-11
229,-20155.615572240706,-5615.7665558510125,1.2732925824820995e-11
230,-19980.18085969005,-5651.121360779414,1.2732925824820995e-11
231,-19804.984711434772,-5685.263557643102,1.0913936421275139e-11
232,-19630.073134662787,-5718.210185779382,1.2732925824820995e-11
233,-19455.49087473515,-5749.978339509204,1.2732925824820995e-11
234,-19281.281455121098,-5780.585157229867,1.3642420526593924e-11
235,-19107.4872230979,-5810.047810397899,1.2732925824820995e-11
236,-18934.149379950522,-5838.383496024264,1.3642420526593924e-11
237,-18761.308019296794,-5865.609428347814,1.2732925824820995e-11
238,-18589.002157177612,-5891.742832445276,1.2732925824820995e-11
239,-18417.269754820507,-5916.8009392971,1.1823431123048067e-11
240,-18246.147767752595,-5940.800977388362,1.2732925824820995e-11
241,-18075.672128807135,-5963.760174070847,1.1823431123048067e-11
242,-17905.877797198376,-5985.695747411522,1.0913936421275139e-11
243,-17736.798782920585,-6006.624902076082,1.000444171950221e-11
244,-17568.468142356764,-6026.564828772403,1.1823431123048067e-11
245,-17400.918010803405,-6045.532698939987,1.0913936421275139e-11
246,-17234.179608354032,-6063.545662763996,1.0913936421275139e-11
247,-17068.283254885504,-6080.620845968211,1.0913936421275139e-11
248,-16903.25838356445,-6096.775346742252,1.0913936421275139e-11
249,-16739.133557013163,-6112.026232389405,1.000444171950221e-11
250,-16575.93644202614,-6126.390539573495,1.0913936421275139e-11
251,-16413.693876334204,-6139.885265993678,1.0913936421275139e-11
252,-16252.431830238498,-6152.527371597597,1.1823431123048067e-11
253,-16092.175412240744,-6164.3337751839235,1.1823431123048067e-11
254,-15932.948905300686,-6175.321348784689,1.0913936421275139e-11
255,-15774.775743775743,-6185.506916410627,1.000444171950221e-11
256,-15617.678531850515,-6194.907249453458,1.0913936421275139e-11
257,-15461.67905232331,-6203.539062805656,1.0913936421275139e-11
258,-15306.798239940734,-6211.419012652328,1.0913936421275139e-11
259,-15153.056236078744,-6218.56368968342,1.0913936421275139e-11
260,-15000.472340650298,-6224.9896175917,1.000444171950221e-11
261,-14849.065061182324,-6230.713246602156,1.0913936421275139e-11
262,-14698.852081725885,-6235.750950550437,1.0913936421275139e-11
263,-14549.850291556711,-6240.119021311219,1.0913936421275139e-11
264,-14402.075779331266,-6243.83366453247,1.000444171950221e-11
265,-14255.54385175074,-6246.910994547721,1.0913936421275139e-11
266,-14110.269018755875,-6249.36703004379,1.0913936421275139e-11
267,-13966.26503228077,-6251.2176885907265,1.000444171950221e-11
268,-13823.54486593935,-6252.478782324999,1.0913936421275139e-11
269,-13682.120742630495,-6253.166012819858,1.0913936421275139e-11
270,-13542.004141625215,-6253.294966412992,1.0913936421275139e-11
271,-13403.205814581983,-6252.881109566666,1.0913936421275139e-11
272,-13265.735784912715,-6251.9397842807775,1.1823431123048067e-11
273,-13129.60337694941,-6250.486203696506,1.0913936421275139e-11
274,-12994.817225637149,-6248.535447882392,1.1823431123048067e-11
275,-12861.38530682426,-6246.102460086356,1.1823431123048067e-11
276,-12729.314947969919,-6243.202043034291,1.0913936421275139e-11
277,-12598.612828376365,-6239.848855009886,1.1823431123048067e-11
278,-12469.285039949129,-6236.057407661612,1.1823431123048067e-11
279,-12340.95727766693,-6231.828861288967,1.1823431123048067e-11
280,-12213.279091241302,-6227.159694977601,1.1823431123048067e-11
281,-12086.254186456701,-6222.0560688552305,1.0913936421275139e-11
282,-11959.888260683114,-6216.5241791822145,1.000444171950221e-11
283,-11834.186753191776,-6210.57018679039,1.0913936421275139e-11
284,-11709.15485926556,-6204.200216277897,1.000444171950221e-11
285,-11584.797539540454,-6197.420355195024,1.000444171950221e-11
286,-11461.11949962089,-6190.236651605937,9.094947017729282e-12
287,-11338.125197968295,-6182.655112963974,1.000444171950221e-11
288,-11215.818907123128,-6174.681708683917,1.0913936421275139e-11
289,-11094.204609767496,-6166.322362326742,1.0913936421275139e-11
290,-10973.286122127703,-6157.58295836413,1.0913936421275139e-11
291,-10853.067000752197,-6148.469334713027,1.0913936421275139e-11
292,-10733.550614481836,-6138.987286646305,1.000444171950221e-11
293,-10614.740117964446,-6129.14256385062,1.000444171950221e-11
294,-10496.638465803255,-6118.94087046023,1.000444171950221e-11
295,-10379.248413964759,-6108.387864176844,1.000444171950221e-11
296,-10262.572525056865,-6097.489155742384,1.000444171950221e-11
297,-10146.61317669969,-6086.250308783201,1.0913936421275139e-11
298,-10031.372545322502,-6074.676837274559,1.0913936421275139e-11
299,-9916.852674295653,-6062.7742115328965,1.0913936421275139e-11
300,-9803.05537665371,-6050.547847534789,1.0913936421275139e-11
301,-9689.982329831788,-6038.003115785404,1.0913936421275139e-11
302,-9577.6350315069,-6025.145335994996,1.0913936421275139e-11
303,-9466.01483577774,-6011.97978039994,1.000444171950221e-11
304,-9355.122929450106,-5998.511670421283,1.000444171950221e-11
305,-9244.960351342359,-5984.746178232654,1.0913936421275139e-11
306,-9135.527990354576,-5970.688425925822,1.0913936421275139e-11
307,-9026.826595887205,-5956.343486244519,1.0459189070388675e-11
308,-8918.856799067764,-5941.716384978511,1.000444171950221e-11
309,-8811.619064190481,-5926.812093941202,1.000444171950221e-11
310,-8705.11376770088,-5911.635541281983,1.0459189070388675e-11
311,-8599.341140898436,-5896.19160328432,9.549694368615746e-12
312,-8494.30131579067,-5880.4851105213,9.549694368615746e-12
313,-8389.994294929156,-5864.520843171147,1.0459189070388675e-11
314,-8286.419997168174,-5848.303537678137,1.000444171950221e-11
315,-8183.578231282834,-5831.837882666179,9.549694368615746e-12
316,-8081.468712397607,-5815.128521337939,9.549694368615746e-12
317,-7980.091075183466,-5798.180053639819,9.549694368615746e-12
318,-7879.444869367808,-5780.997035621108,9.549694368615746e-12
319,-7779.529579511897,-5763.583982935737,9.549694368615746e-12
320,-7680.344610780553,-5745.945368624156,1.000444171950221e-11
321,-7581.889320033446,-5728.085628861329,9.549694368615746e-12
322,-7484.163007120144,-5710.009161906738,9.549694368615746e-12
323,-7387.164942874168,-5691.7203338241125,9.094947017729282e-12
324,-7290.894355211726,-5673.223476650441,8.640199666842818e-12
325,-7195.350460038038,-5654.522895090902,9.094947017729282e-12
326,-7100.532448233698,-5635.622865023012,9.549694368615746e-12
327,-7006.43952925129,-5616.527643288567,9.549694368615746e-12
328,-6913.070907059753,-5597.241464314931,1.000444171950221e-11
329,-6820.425829947475,-5577.768551855896,9.094947017729282e-12
330,-6728.503580154656,-5558.113118828428,9.549694368615746e-12
331,-6637.3035071253225,-5538.279376479821,9.094947017729282e-12
332,-6546.825044005043,-5518.271540541636,9.549694368615746e-12
333,-6457.067726905462,-5498.093838372623,9.094947017729282e-12
334,-6368.031214886094,-5477.750516695364,8.640199666842818e-12
335,-6279.715327405637,-5457.245853871949,8.640199666842818e-12
336,-6192.120053815554,-5436.584166379222,8.640199666842818e-12
337,-6105.245632356288,-5415.769832299036,8.640199666842818e-12
338,-6019.092536646098,-5394.807293921107,8.640199666842818e-12
339,-5933.6615480839,-5373.701081470827,8.185452315956354e-12
340,-5848.953804758327,-5352.455832574328,7.73070496506989e-12
341,-5764.970853064938,-5331.076313581849,8.185452315956354e-12
342,-5681.7147040539,-5309.56744336272,7.73070496506989e-12
343,-5599.187931176539,-5287.934329395351,7.275957614183426e-12
344,-5517.3937261874125,-5266.182294976354,7.275957614183426e-12
345,-5436.336015594502,-5244.316924273519,7.275957614183426e-12
346,-5356.019539523841,-5222.344099826786,7.275957614183426e-12
347,-5276.45000377196,-5200.270062458744,7.275957614183426e-12
348,-5197.634192051468,-5178.101463587917,6.821210263296962e-12
349,-5119.580144096853,-5155.845439232695,7.275957614183426e-12
350,-5042.297301126825,-5133.509678851813,7.275957614183426e-12
351,-4965.796726247383,-5111.102519877814,7.275957614183426e-12
352,-4890.091288195427,-5088.633036656655,7.275957614183426e-12
353,-4815.195921098068,-5066.111156900843,7.275957614183426e-12
354,-4741.127858853256,-5043.54777663741,7.73070496506989e-12
355,-4667.906916986335,-5020.9548955445625,7.275957614183426e-12
356,-4595.555753125874,-4998.34575226235,6.821210263296962e-12
357,-4524.10018469353,-4975.7349840046645,7.275957614183426e-12
358,-4453.569448419432,-4953.138774690902,6.821210263296962e-12
359,-4383.996477896616,-4930.57501462689,6.366462912410498e-12
360,-4315.418134580675,-4908.06345058369,6.366462912410498e-12
361,-4247.875422011003,-4885.625834525135,6.821210263296962e-12
362,-4181.413609820853,-4863.286045169857,6.821210263296962e-12
363,-4116.0823010947,-4841.070190745576,6.366462912410498e-12
364,-4051.93544505901,-4819.006691320296,6.366462912410498e-12
365,-3989.0312732702496,-4797.126330723015,6.139089236967266e-12
366,-3927.4322129814277,-4775.462294008725,6.139089236967266e-12
367,-3867.2048411970673,-4754.050211518685,6.366462912410498e-12
368,-3808.4199632217046,-4732.928239754219,6.366462912410498e-12
369,-3751.1529359399087,-4712.1372249226115,6.366462912410498e-12
370,-3695.4844302738343,-4691.721025587887,6.139089236967266e-12
371,-3641.501842834815,-4671.727081650225,6.59383658785373e-12
372,-3589.3018262511982,-4652.207419083133,6.821210263296962e-12
373,-3538.994379425445,-4633.220279971853,6.366462912410498e-12
374,-3490.709568332022,-4614.832815822258,6.139089236967266e-12
375,-3444.6087686682667,-4597.125619371122,6.139089236967266e-12
376,-3400.9043710859164,-4580.200700312476,5.6843418860808015e-12
377,-3359.8976423093795,-4564.196829080955,5.9117155615240335e-12
378,-3326.212883775568,-4550.960068897525,5.6843418860808015e-12
379,-3297.9580038396666,-4539.793545428423,5.4569682106375694e-12
380,-3269.643447941986,-4528.544874056311,5.4569682106375694e-12
381,-3239.2402124612427,-4516.400650886312,5.4569682106375694e-12
382,-3205.162328020914,-4502.707008391746,5.229594535194337e-12
383,-3168.4280564929686,-4487.848439744972,5.229594535194337e-12
384,-3129.651147125183,-4472.052809018536,5.229594535194337e-12
385,-3089.248575677155,-4455.472590459224,5.002220859751105e-12
386,-3047.5268909292718,-4438.218498756575,5.002220859751105e-12
387,-3004.723591101111,-4420.3755142357495,5.002220859751105e-12
388,-2961.029445328128,-4402.011467309738,5.002220859751105e-12
389,-2916.6017440707556,-4383.182093914207,4.774847184307873e-12
390,-2871.5726865735546,-4363.934204564754,4.774847184307873e-12
391,-2826.0549639940946,-4344.3077686600955,4.547473508864641e-12
392,-2780.145682492249,-4324.33736108751,4.774847184307873e-12
393,-2733.9292260630177,-4304.0532040911885,4.547473508864641e-12
394,-2687.4793803363023,-4283.481926983748,4.547473508864641e-12
395,-2640.861000114399,-4262.647156037772,4.547473508864641e-12
396,-2594.1313201921985,-4241.56997098969,4.547473508864641e-12
397,-2547.341013867952,-4220.269268770035,4.547473508864641e-12
398,-2500.535075954458,-4198.762064892635,4.774847184307873e-12
399,-2453.7535352149594,-4177.063731406745,4.547473508864641e-12
400,-2407.032086119207,-4155.188209976224,4.547473508864641e-12
401,-2360.4026054896276,-4133.148182407125,4.547473508864641e-12
402,-2313.893601016631,-4110.955218497354,4.320099833421409e-12
403,-2267.530606702565,-4088.6199071000283,4.547473508864641e-12
404,-2221.3365087778625,-4066.151961289541,4.547473508864641e-12
405,-2175.3318511099988,-4043.560320083461,4.320099833421409e-12
406,-2129.5350912160206,-4020.8532320912896,3.865352482534945e-12
407,-2083.9628197393445,-3998.0383262932246,4.092726157978177e-12
408,-2038.6299646768616,-3975.1226798411844,3.865352482534945e-12
409,-1993.5499687194597,-3952.112876662368,4.092726157978177e-12
410,-1948.7349360889812,-3929.0150543010577,3.865352482534945e-12
411,-1904.195783436479,-3905.8349562079093,3.865352482534945e-12
412,-1859.942345983215,-3882.5779640151854,4.092726157978177e-12
413,-1815.983500162273,-3859.249141019506,3.865352482534945e-12
414,-1772.327248104137,-3835.853258164599,3.865352482534945e-12
415,-1728.980813340059,-3812.39482810097,3.637978807091713e-12
416,-1685.9507159040186,-3788.8781303628807,3.865352482534945e-12
417,-1643.2428324786217,-3765.3072301208595,3.637978807091713e-12
418,-1600.8624717566588,-3741.686006919395,3.524291969370097e-12
419,-1558.8144193708717,-3718.018168235587,3.637978807091713e-12
420,-1517.102990853105,-3694.3072687226195,3.524291969370097e-12
421,-1475.732074853076,-3670.55672525329,3.751665644813329e-12
422,-1434.7051756268415,-3646.769832682711,3.751665644813329e-12
423,-1394.025448544802,-3622.9497766710656,3.865352482534945e-12
424,-1353.695732661714,-3599.099645731253,3.979039320256561e-12
425,-1313.7185800273617,-3575.2224422271024,3.751665644813329e-12
426,-1274.0962788289828,-3551.3210904594507,3.979039320256561e-12
427,-1234.8308824285032,-3527.398448998686,3.751665644813329e-12
428,-1195.9242293019413,-3503.4573182710933,3.637978807091713e-12
429,-1157.3779607905274,-3479.500447355974,3.751665644813329e-12
430,-1119.1935389944695,-3455.5305413916863,3.751665644813329e-12
431,-1081.3722659363546,-3431.550270336236,3.410605131648481e-12
432,-1043.9152952809168,-3407.5622735534134,3.296918293926865e-12
433,-1006.8236435952878,-3383.5691644520753,3.296918293926865e-12
434,-970.0981994449442,-3359.573534052287,3.296918293926865e-12
435,-933.739743369993,-3335.577962044457,3.183231456205249e-12
436,-897.7489486851623,-3311.585015725308,3.410605131648481e-12
437,-862.126391576265,-3287.5972551993586,3.410605131648481e-12
438,-826.8725556098248,-3263.617235116282,3.183231456205249e-12
439,-791.9878431859722,-3239.647511340183,3.183231456205249e-12
440,-757.4725783347509,-3215.690642014754,3.296918293926865e-12
441,-723.327006898796,-3191.7491868699026,3.069544618483633e-12
442,-689.551309938856,-3167.825715915632,2.9558577807620168e-12
443,-656.145597330483,-3143.922804438996,3.069544618483633e-12
444,-623.1099169995871,-3120.0430390603897,2.8421709430404007e-12
445,-590.4442519502361,-3096.189015212123,2.8421709430404007e-12
446,-558.1485258860811,-3072.3633408356095,2.7284841053187847e-12
447,-526.2226022292748,-3048.568635364707,2.6147972675971687e-12
448,-494.66628540537556,-3024.807530360088,2.7284841053187847e-12
449,-463.4793279564488,-3001.0826746389434,2.5579538487363607e-12
450,-432.66141810318845,-2977.396724616689,2.6147972675971687e-12
451,-402.21218935204195,-2953.7523512468224,2.6147972675971687e-12
452,-372.13122066870915,-2930.152239955754,2.3305801732931286e-12
453,-342.418032776249,-2906.599087478783,2.4442670110147446e-12
454,-313.0720889740795,-2883.0956021310494,2.3874235921539366e-12
455,-284.0928007563017,-2859.6445079956775,2.5011104298755527e-12
456,-255.4795224093507,-2836.248540310927,2.6147972675971687e-12
457,-227.23155366016374,-2812.910447243219,2.5011104298755527e-12
458,-199.34814192000567,-2789.6329914265643,2.2737367544323206e-12
459,-171.82848294120572,-2766.4189502442478,2.1600499167107046e-12
460,-144.67172395220223,-2743.2711182402068,2.1032064978498966e-12
461,-117.8769637210113,-2720.1923070101225,2.2168933355715126e-12
462,-91.44326010028374,-2697.185351614671,2.3874235921539366e-12
463,-65.36963199647323,-2674.253112450397,2.2737367544323206e-12
464,-39.65506664564475,-2651.398481952581,2.2168933355715126e-12
465,-14.298518018898335,-2628.6243836823655,2.3305801732931286e-12
466,10.70107300084112,-2605.9337911789435,2.1600499167107046e-12
467,35.34477844575656,-2583.329729521791,2.1600499167107046e-12
468,59.633672511835755,-2560.815286778802,2.0179413695586845e-12
469,83.56881283138307,-2538.393633619904,2.0179413695586845e-12
470,107.15123024418733,-2516.0680359984185,1.8189894035458565e-12
471,130.3819062564225,-2493.841880358554,1.7621459846850485e-12
472,153.26175781355,-2471.7186931952087,1.7905676941154525e-12
473,175.79159790077546,-2449.7021854216864,1.6768808563938364e-12
474,197.97212074226712,-2427.7962749262974,1.7053025658242404e-12
475,219.80384432784314,-2406.0051530926658,1.6484591469634324e-12
476,241.28706978503863,-2384.3333381496977,1.5916157281026244e-12
477,262.42181873600265,-2362.7857540397804,1.6200374375330284e-12
478,283.20775081085054,-2341.367834326833,1.7337242752546445e-12
479,303.64406200568516,-2320.0856520906123,1.7905676941154525e-12
480,323.7293541653918,-2298.9460877554,1.8189894035458565e-12
481,343.4614589704928,-2277.957055095369,1.6768808563938364e-12
482,362.8371988488741,-2257.1278082599815,1.7763568394002505e-12
483,381.8520765633909,-2236.4693441610602,1.7763568394002505e-12
484,400.49983012025416,-2215.9949762264996,1.6058265828178264e-12
485,418.77180495390866,-2195.7211443660385,1.6342482922482304e-12
486,436.65607464685587,-2175.668553839547,1.5845103007450234e-12
487,454.13614172181394,-2155.8638555738285,1.5347723092418164e-12
488,471.18901256617835,-2136.3421388624,1.5418777365994174e-12
489,487.7822697146199,-2117.1507238078257,1.5063505998114124e-12
490,503.8695253900763,-2098.355053353908,1.5631940186722204e-12
491,519.3831514333327,-2080.04811225607,1.3820056210533949e-12
492,534.2220701354229,-2062.366208313911,1.4352963262354024e-12
493,548.2294935709137,-2045.517591761567,1.4344081478157023e-12
494,559.5554736537172,-2031.7797992421445,1.4290790772975015e-12
495,570.8599117285737,-2017.96379153798,1.5099033134902129e-12
496,581.1725377722771,-2005.2671996930817,1.4210854715202004e-12
497,592.9943127119299,-1990.6014672416788,1.3891110484109959e-12
498,605.7744649570243,-1974.6103480978406,1.3571366253017914e-12
499,619.1643991725618,-1957.7004713029844,1.2398970739013748e-12
500,632.9091618825178,-1940.1723888702588,1.2647660696529783e-12
501,646.8179345778788,-1922.2549539591964,1.1723955140041653e-12
502,660.7512970005549,-1904.1189810424078,1.1155520951433573e-12
503,674.6105314891215,-1885.888618247067,1.2576606422953773e-12
504,688.3272450356524,-1867.6528061532533,1.2363443602225743e-12
505,701.8544399259697,-1849.4754339041065,1.2363443602225743e-12
506,715.159677104782,-1831.403276156414,1.2363443602225743e-12
507,728.2202130053892,-1813.4717282374327,1.1084466677857563e-12
508,741.019667197148,-1795.7087920746642,1.2079226507921703e-12
509,753.7963239489247,-1777.784417763511,1.1368683772161603e-12
510,766.57784769431,-1759.654298700386,1.0800249583553523e-12
511,779.3563559165005,-1741.3233618434185,1.0231815394945443e-12
512,792.1242962299268,-1722.7962315406846,9.237055564881302e-13
513,804.8744650707812,-1704.0771888247752,1.0516032489249483e-12
514,817.5999764043615,-1685.1702018324477,9.947598300641403e-13
515,830.2942024061388,-1666.0790002384047,9.379164112033322e-13
516,842.9507509061314,-1646.8070984030003,8.526512829121202e-13
517,855.5634224878497,-1627.3578514204162,8.810729923425242e-13
518,868.1261940235979,-1607.7344735952208,7.389644451905042e-13
519,880.6331891170973,-1587.9400789349065,5.115907697472721e-13
520,893.0786546220511,-1567.9777148476028,5.400124791776761e-13
521,905.4569449422484,-1547.8503856742805,5.400124791776761e-13
522,917.7625107533681,-1527.5610706936536,4.831690603168681e-13
523,929.9898645870203,-1507.1127825085118,5.684341886080801e-13
524,942.1335916376588,-1486.5085531658553,5.400124791776761e-13
525,954.1883219920214,-1465.7514858938446,4.547473508864641e-13
526,966.1487320124779,-1444.8447601646224,4.263256414560601e-13
527,978.009528125003,-1423.791668687631,4.263256414560601e-13
528,989.7654518382565,-1402.5956193364223,4.831690603168681e-13
529,1001.4112667840736,-1381.2601704836338,3.979039320256561e-13
530,1012.9417643635121,-1359.7890349309023,4.263256414560601e-13
531,1024.351763372199,-1338.1860957700433,5.115907697472721e-13
532,1035.6361176652374,-1316.4554083026665,3.979039320256561e-13
533,1046.789712887934,-1294.6012238070975,4.547473508864641e-13
534,1057.8074832561863,-1272.6279755481073,5.115907697472721e-13
535,1068.684418403209,-1250.5402836198614,4.547473508864641e-13
536,1079.415570948327,-1228.342958819201,5.115907697472721e-13
537,1089.9960744669606,-1206.040984806706,5.684341886080801e-13
538,1100.421154761912,-1183.6395126574805,5.115907697472721e-13
539,1110.68614607452,-1161.1438437441043,3.979039320256561e-13
540,1120.7865006638062,-1138.559425390097,3.979039320256561e-13
541,1130.7178089886825,-1115.8918213878128,4.547473508864641e-13
542,1140.475809901438,-1093.1467020927428,5.115907697472721e-13
543,1150.0564031404133,-1070.3298274860506,5.115907697472721e-13
544,1159.4556592297745,-1047.4470341233625,3.979039320256561e-13
545,1168.6698294135545,-1024.504219960865,3.410605131648481e-13
546,1177.6953517080947,-1001.5073367899596,4.547473508864641e-13
547,1186.5288552950583,-978.4623856898903,3.410605131648481e-13
548,1195.1671611273432,-955.3754217723758,2.8421709430404007e-13
549,1203.6072843889374,-932.2525542147537,2.8421709430404007e-13
550,1211.8464328886885,-909.0999575697574,2.2737367544323206e-13
551,1219.8820039964266,-885.923888831373,1.7053025658242404e-13
552,1227.7115781447624,-862.7307172855826,1.1368683772161603e-13
553,1235.332916265749,-839.526946894113,0.0
554,1242.7439589654696,-816.3192366387389,0.0
555,1249.9428201633195,-793.114442149236,-5.684341886080802e-14
556,1256.9277852509433,-769.919649220727,-1.1368683772161603e-13
557,1263.6973141443978,-746.7421960353112,0.0
558,1270.2500401569132,-723.5897139889618,-5.684341886080802e-14
559,1276.5847786933145,-700.4701394150798,0.0
560,1282.7005323958367,-677.3917403292455,-1.1368683772161603e-13
561,1288.596504502998,-654.3631150478625,-1.1368683772161603e-13
562,1294.2721116082935,-631.3931915686414,-1.1368683772161603e-13
563,1299.7269983401598,-608.4912169914462,-1.7053025658242404e-13
564,1304.961055346041,-585.6667279370447,-2.8421709430404007e-13
565,1309.974435206238,-562.9295212925516,-2.8421709430404007e-13
566,1314.7675722440442,-540.2895965661294,-2.8421709430404007e-13
567,1319.3411953251778,-517.7571160320814,-2.8421709430404007e-13
568,1323.6963423353027,-495.3423427737738,-1.7053025658242404e-13
569,1327.8343691104978,-473.0555892460932,-1.7053025658242404e-13
570,1331.7569569650777,-450.907156345613,-1.7053025658242404e-13
571,1335.4661121335644,-428.9073005563499,-2.2737367544323206e-13
572,1338.9641635257126,-407.06619923295534,-2.2737367544323206e-13
573,1342.2537561098793,-385.39393179411644,-2.2737367544323206e-13
574,1345.3378390219784,-363.9004903122379,-2.8421709430404007e-13
575,1348.219652742616,-342.5957995142022,-2.8421709430404007e-13
576,1350.9027136974807,-321.48976381753164,-2.8421709430404007e-13
577,1353.3907974247713,-300.5923444022412,-3.979039320256561e-13
578,1355.6879238740448,-279.91364784219866,-3.410605131648481e-13
579,1357.7983432434596,-259.46404722949586,-3.979039320256561e-13
580,1359.7265235264933,-239.25434019316629,-3.979039320256561e-13
581,1361.4771440102268,-219.295913518448,-3.979039320256561e-13
582,1363.0550906543751,-199.6009672526962,-3.410605131648481e-13
583,1364.4654585952048,-180.18276078861282,-2.8421709430404007e-13
584,1365.7135601297757,-161.05591576072032,-2.8421709430404007e-13
585,1366.804939969825,-142.23678166210306,-3.410605131648481e-13
586,1367.7453989992837,-123.7438826642528,-3.410605131648481e-13
587,1368.5410276133782,-105.59848422944094,-3.410605131648481e-13
588,1369.1982508433234,-87.82533162737576,-3.410605131648481e-13
589,1369.723889046267,-70.45362721431803,-4.547473508864641e-13
590,1370.1252387849058,-53.518381337952235,-3.410605131648481e-13
591,1370.4101815625531,-37.062403098618006,-4.547473508864641e-13
592,1370.5873369622113,-21.139308367549745,-3.410605131648481e-13
593,1370.666287410516,-5.818426568552866,-3.410605131648481e-13
594,1370.6579339351315,8.806476136329536,-2.2737367544323206e-13
595,1370.5751246667328,22.599928682590814,-4.547473508864641e-13
596,1370.4535095037588,33.86682284115716,-3.410605131648481e-13
597,1370.3056967466443,43.82016662679939,-4.547473508864641e-13
598,1370.126632290925,53.45023375133485,-3.410605131648481e-13
599,1369.869132723491,64.83777761137367,-4.547473508864641e-13
600,1369.525909521295,77.45541596952319,-3.410605131648481e-13
601,1369.0885497467932,91.03359355064362,-4.547473508864641e-13
602,1368.5488133864812,105.4054816113765,-3.410605131648481e-13
603,1367.8989371559883,120.45534274930003,-3.410605131648481e-13
604,1367.1317250180857,136.0962829605859,-4.547473508864641e-13
605,1366.2405874641013,152.25901874970845,-4.547473508864641e-13
606,1365.2195758328842,168.88550417782542,-4.547473508864641e-13
607,1364.0634182386582,185.92509277469054,-4.547473508864641e-13
608,1362.767561951947,203.3320656106889,-4.547473508864641e-13
609,1361.328217082903,221.06402620617087,-4.547473508864641e-13
610,1359.7423950053028,239.08088750065198,-4.547473508864641e-13
611,1358.0079370981118,257.3442621309772,-4.547473508864641e-13
612,1356.1235272550148,275.8171619237452,-5.684341886080801e-13
613,1354.0886847974639,294.46391734712347,-5.684341886080801e-13
614,1351.9037352712967,313.2502552649918,-5.684341886080801e-13
615,1349.5697610005673,332.14346282308145,-5.684341886080801e-13
616,1347.0885388575184,351.11255335561543,-5.684341886080801e-13
617,1344.4624619356332,370.1284606746996,-5.684341886080801e-13
618,1341.6944637191366,389.16413125230605,-5.684341886080801e-13
619,1338.7879390002304,408.19458866334264,-5.684341886080801e-13
620,1335.746677023442,427.1968886273079,-5.684341886080801e-13
621,1332.574804106092,446.1500173673144,-5.684341886080801e-13
622,1329.2767372600053,465.0347442792576,-5.684341886080801e-13
623,1325.8571557548119,483.8334066490141,-4.547473508864641e-13
624,1322.3209770956255,502.52971633471986,-5.684341886080801e-13
625,1318.6733566149142,521.1084879737915,-5.684341886080801e-13
626,1314.9196892331254,539.5554118953871,-5.684341886080801e-13
627,1311.065620963096,557.8568259098292,-6.821210263296962e-13
628,1307.117072513278,575.9994752816312,-6.821210263296962e-13
629,1303.0802742094074,593.970266218942,-6.821210263296962e-13
630,1298.9617992185324,611.7560686423635,-5.684341886080801e-13
631,1294.7686100872343,629.3434951707068,-5.684341886080801e-13
632,1290.5081204032153,646.7186523797631,-6.821210263296962e-13
633,1286.1882634601875,663.8668996712513,-5.684341886080801e-13
634,1281.817570848072,680.7726012829044,-6.821210263296962e-13
635,1277.4052822166595,697.4187912121145,-5.684341886080801e-13
636,1272.9614787091598,713.7867899809218,-6.821210263296962e-13
637,1268.4972382854435,729.8557834858882,-7.958078640513122e-13
638,1264.0031881177008,745.6776828392052,-7.958078640513122e-13
639,1259.3102915551938,761.844062053646,-7.958078640513122e-13
640,1254.418170364013,778.3340882694959,-9.094947017729282e-13
641,1249.3257801066293,795.1303900832147,-7.958078640513122e-13
642,1244.0318273481696,812.2174377457417,-9.094947017729282e-13
643,1238.5348269250253,829.5812319208508,-9.094947017729282e-13
644,1232.833151763527,847.2090423053271,-1.0231815394945443e-12
645,1226.9250756143274,865.0891907236528,-1.0231815394945443e-12
646,1220.808798090525,883.2109056673607,-1.1368683772161603e-12
647,1214.4824742886644,901.5641757573408,-1.1368683772161603e-12
648,1207.944230442104,920.1396556657967,-1.2505552149377763e-12
649,1201.1921782168424,938.9285833539695,-1.2505552149377763e-12
650,1194.2244245781674,957.9227160246433,-1.2505552149377763e-12
651,1187.0390794577534,977.1142768514304,-1.3642420526593924e-12
652,1179.634262290865,996.4959086580093,-1.2505552149377763e-12
653,1172.0081060272648,1016.060637493272,-1.3642420526593924e-12
654,1164.1587514615103,1035.801862861897,-1.2505552149377763e-12
655,1156.0843577566711,1055.7133080373808,-1.2505552149377763e-12
656,1147.7830926851298,1075.7890233006406,-1.3642420526593924e-12
657,1139.253130122618,1096.0233706065587,-1.3642420526593924e-12
658,1130.492652784974,1116.410996800989,-1.4779288903810084e-12
659,1121.4998472558623,1136.9468262838086,-1.4779288903810084e-12
660,1112.2728973339676,1157.6260573470345,-1.4779288903810084e-12
661,1102.809982022596,1178.4441479915833,-1.4779288903810084e-12
662,1093.1092756290718,1199.3967980185719,-1.4779288903810084e-12
663,1083.168943011073,1220.4799425681445,-1.3642420526593924e-12
664,1072.9871385524548,1241.689738038535,-1.3642420526593924e-12
665,1062.5620074346468,1263.0225442693675,-1.3642420526593924e-12
666,1051.8916926330055,1284.4748966659809,-1.3642420526593924e-12
667,1040.9743376501135,1306.0434891041425,-1.4779288903810084e-12
668,1029.8081168233361,1327.725105121202,-1.4779288903810084e-12
669,1018.3912920898517,1349.5165056844673,-1.4779288903810084e-12
670,1006.722387465274,1371.4141089977925,-1.3642420526593924e-12
671,994.8010093477417,1393.4125203520498,-1.4779288903810084e-12
672,982.4868045829666,1415.758522845618,-1.5916157281026244e-12
673,969.8595966045962,1438.2928846217978,-1.4779288903810084e-12
674,957.0110501667021,1460.8458930094512,-1.4779288903810084e-12
675,943.9246066663691,1483.444054988721,-1.4779288903810084e-12
676,930.5889732971747,1506.1032882331676,-1.3642420526593924e-12
677,916.9969487228636,1528.8316832540308,-1.5916157281026244e-12
678,903.1434521089321,1551.6333191240299,-1.4779288903810084e-12
679,889.0245575120297,1574.51011822567,-1.5347723092418164e-12
680,874.6370273146208,1597.462745525559,-1.7053025658242404e-12
681,859.9780683189747,1620.4910815835256,-1.7053025658242404e-12
682,845.0452037976976,1643.5944764434162,-1.6484591469634324e-12
683,829.8361958115329,1666.771905797766,-1.6484591469634324e-12
684,814.3490066008516,1690.0220557665414,-1.7053025658242404e-12
685,798.5817751175983,1713.3433784792865,-1.6484591469634324e-12
686,782.5328039341557,1736.734128173953,-1.6484591469634324e-12
687,766.2005570764492,1760.1923789010173,-1.6484591469634324e-12
688,749.5836623747624,1783.7160346174294,-1.6484591469634324e-12
689,732.6809075559105,1807.3028473273644,-1.7053025658242404e-12
690,715.4912499085226,1830.950415368346,-1.7621459846850485e-12
691,698.0138202232404,1854.6561897472354,-1.7621459846850485e-12
692,680.2479292161291,1878.4174768451455,-1.7621459846850485e-12
693,662.1930732541047,1902.2314419971524,-1.7621459846850485e-12
694,643.8489391267462,1926.0951141882963,-1.6484591469634324e-12
695,625.2154101452934,1950.005388846317,-1.6484591469634324e-12
696,606.2925664320179,1973.9590378749142,-1.6484591469634324e-12
697,587.0806901370728,1997.952712925166,-1.7053025658242404e-12
698,567.580267018589,2021.9829529983535,-1.6484591469634324e-12
699,547.7919851300189,2046.0461950760912,-1.6484591469634324e-12
700,527.7167359466077,2070.1387811308755,-1.6484591469634324e-12
701,507.3556086793137,2094.2569727152118,-1.5347723092418164e-12
702,486.709891788617,2118.396956157085,-1.7053025658242404e-12
703,465.7810639375388,2142.554859547739,-1.6484591469634324e-12
704,444.5707926697353,2166.726759761356,-1.7621459846850485e-12
705,423.08092591196873,2190.908697020237,-1.7621459846850485e-12
706,401.31348984331817,2215.096681382385,-1.7053025658242404e-12
707,379.27068110133115,2239.286704950779,-1.6484591469634324e-12
708,356.9548587268541,2263.47475348489,-1.5916157281026244e-12
709,334.36854222261155,2287.656810666011,-1.5347723092418164e-12
710,311.51440627845176,2311.82886555501,-1.7053025658242404e-12
711,288.3952752672611,2335.9869197452435,-1.5347723092418164e-12
712,265.01412242708994,2360.126989182599,-1.5916157281026244e-12
713,241.3740687238065,2384.2451061623087,-1.5916157281026244e-12
714,217.4783833916211,2408.337319483994,-1.5916157281026244e-12
715,193.33048742590967,2432.399691650083,-1.7053025658242404e-12
716,168.93395765584864,2456.428295669141,-1.6484591469634324e-12
717,144.29253441041072,2480.4192085807836,-1.7053025658242404e-12
718,119.41013100072331,2504.368503665725,-1.5916157281026244e-12
719,94.29084631498012,2528.2722402229424,-1.6484591469634324e-12
720,68.9389793904208,2552.1264521721214,-1.5916157281026244e-12
721,43.35905139091096,2575.9271305562597,-1.6484591469634324e-12
722,17.555820748683914,2599.6702134533116,-1.7053025658242404e-12
723,-8.465684775014779,2623.3515612400342,-1.8189894035458565e-12
724,-34.70014344615595,2646.9669401100837,-1.8758328224066645e-12
725,-61.14190472225198,2670.5119976415604,-1.8758328224066645e-12
726,-87.78495158357163,2693.9822374598457,-1.9042545318370685e-12
727,-114.62285932701559,2717.3729924592235,-1.7621459846850485e-12
728,-141.6487483009957,2740.6793945305953,-1.8189894035458565e-12
729,-168.85522492626205,2763.8963362512172,-1.5347723092418164e-12
730,-196.23432893007964,2787.0184401786464,-1.6484591469634324e-12
731,-223.77745951694038,2810.0400125200217,-1.7621459846850485e-12
732,-251.47530165434569,2832.9549997078375,-1.7621459846850485e-12
733,-279.31774006579644,2855.7569375542344,-1.7621459846850485e-12
734,-307.29376070655474,2878.438893297415,-1.9042545318370685e-12
735,-335.39133972626905,2900.9934010023035,-1.6768808563938364e-12
736,-363.59732120085334,2923.4123917394736,-1.6200374375330284e-12
737,-391.897270087933,2945.6871082242174,-1.7621459846850485e-12
738,-420.27530936671843,2967.8080118269345,-1.7621459846850485e-12
739,-448.7139335469302,2989.7646763444586,-2.1032064978498966e-12
740,-477.1937873686306,3011.545660745919,-2.1032064978498966e-12
741,-505.6933982355676,3033.1383534243646,-1.9326762412674725e-12
742,-534.1888930847336,3054.5288124665703,-1.9042545318370685e-12
743,-562.6536109013548,3075.7015361019457,-2.0321522242738865e-12
744,-591.0576798608786,3096.6392178748283,-2.2311041902867146e-12
745,-619.3674743285335,3117.3224251975753,-2.1174173525650986e-12
746,-647.5449418801347,3137.7291980296573,-1.8474111129762605e-12
747,-675.546752474567,3157.8345370932716,-2.0605739337042905e-12
748,-703.3231975667238,3177.609735330816,-2.0463630789890885e-12
749,-730.8167161795315,3197.0214729070435,-1.8829382497642655e-12
750,-757.9598773073154,3216.030566795272,-2.1813661987835076e-12
751,-784.672480546433,3234.590155044928,-2.0676793610618915e-12
752,-810.8572816772207,3252.6429995646263,-1.8332002582610585e-12
753,-836.3932361543757,3270.1171859088963,-1.730171561575844e-12
754,-861.124117994754,3286.918828341267,-1.8545165403338615e-12
755,-884.8374044714895,3302.918447491402,-1.8705037518884637e-12
756,-907.2194655182747,3317.9218952003444,-1.8207657603852567e-12
757,-924.6584181705516,3329.546706274671,-1.8171020244039937e-12
758,-942.0636526221606,3341.0928321949896,-1.759481449425948e-12
759,-960.4749351846984,3353.245868302709,-1.659117287999834e-12
760,-981.4649992816311,3367.0261238920384,-1.708855279503041e-12
761,-1004.4696373653932,3382.0383058758307,-1.6129320101754274e-12
762,-1029.1811285938943,3398.0600919446947,-1.8758328224066645e-12
763,-1055.405750703097,3414.9464910025713,-1.9539925233402755e-12
764,-1083.0111728550362,3432.594389687706,-2.0534685063466895e-12
765,-1111.9015268357728,3450.9257106419,-2.0108359422010835e-12
766,-1142.0041408069303,3469.878433175491,-1.8900436771218665e-12
767,-1173.2617458004665,3489.4013188592844,-2.0605739337042905e-12
768,-1205.627514469035,3509.450566079285,-1.9753088054130785e-12
769,-1239.061847028493,3529.9876525469167,-2.0037305148434825e-12
770,-1273.5300770222177,3550.9778141896,-2.0889956431346945e-12
771,-1309.0008990164315,3572.3890157091055,-2.1742607714259066e-12
772,-1345.4452280393014,3594.191218083696,-2.1600499167107046e-12
773,-1382.835397789548,3616.3558750316624,-2.3021584638627246e-12
774,-1421.1446250003903,3638.8556051273376,-2.1032064978498966e-12
775,-1460.346679421494,3661.6639956174104,-2.3021584638627246e-12
776,-1500.4156972686135,3684.7554952167857,-2.3874235921539366e-12
777,-1541.326151620607,3708.1053985689095,-2.0179413695586845e-12
778,-1583.0529030169264,3731.6898735458885,-2.1884716261411086e-12
779,-1625.5713147995375,3755.4860200234425,-1.9610979506978765e-12
780,-1668.857425050597,3779.4719534655646,-2.0747847884194925e-12
781,-1712.8881267538645,3803.626885072657,-1.9895196601282805e-12
782,-1757.6413487316856,3827.931194522879,-1.9895196601282805e-12
783,-1803.0962145040867,3852.3664834415863,-2.0463630789890885e-12
784,-1849.2331656112494,3876.9156037135317,-2.1600499167107046e-12
785,-1896.0340788880922,3901.5626778224787,-1.8758328224066645e-12
786,-1943.482297682946,3926.293070310851,-1.7053025658242404e-12
787,-1991.5626764521694,3951.093364947576,-1.4210854715202004e-12
788,-2040.2615612065074,3975.9513079799503,-1.5347723092418164e-12
789,-2089.566766104638,4000.855750371912,-1.5916157281026244e-12
790,-2139.467505088088,4025.796568876417,-1.7053025658242404e-12
791,-2189.954327276504,4050.7645916673823,-1.5916157281026244e-12
792,-2241.019031488713,4075.751516449982,-1.7621459846850485e-12
793,-2292.6545843548583,4100.749833610362,-2.1600499167107046e-12
794,-2344.85501876328,4125.752743183076,-1.7053025658242404e-12
795,-2397.6153588193915,4150.754088075127,-1.7053025658242404e-12
796,-2450.9315185401533,4175.748277944268,-1.9326762412674725e-12
797,-2504.8002303109024,4200.730230451752,-2.2737367544323206e-12
798,-2559.218955375919,4225.695307001367,-1.8189894035458565e-12
799,-2614.1858160968995,4250.639261464753,-1.9326762412674725e-12
800,-2669.6995388871383,4275.558196121254,-1.5916157281026244e-12
801,-2725.75936862479,4300.448507083043,-1.8189894035458565e-12
802,-2782.36503625152,4325.306855803376,-1.8189894035458565e-12
803,-2839.516695089179,4350.130128325306,-1.9326762412674725e-12
804,-2897.214884068808,4374.9154081404195,-1.4779288903810084e-12
805,-2955.460478064782,4399.6599448953175,-1.3642420526593924e-12
806,-3014.25465931282,4424.3611335300875,-1.3642420526593924e-12
807,-3073.5988712831913,4449.016487159976,-1.7053025658242404e-12
808,-3133.4948137779256,4473.623628248702,-1.2505552149377763e-12
809,-3193.94439806738,4498.180263918142,-1.4779288903810084e-12
810,-3254.9497188299947,4522.684169329277,-1.8189894035458565e-12
811,-3316.513048418128,4547.1331807481065,-1.4779288903810084e-12
812,-3378.636810871248,4571.525180949645,-1.7053025658242404e-12
813,-3441.3235734718373,4595.858092170539,-2.0463630789890885e-12
814,-3504.57600754545,4620.129857619554,-1.8189894035458565e-12
815,-3568.3969123864217,4644.338447888604,-1.7053025658242404e-12
816,-3632.7891689082585,4668.481840581421,-1.4779288903810084e-12
817,-3697.755746646367,4692.558020852788,-1.7053025658242404e-12
818,-3763.2996924289964,4716.56497511777,-1.4779288903810084e-12
819,-3829.424114001431,4740.500683262921,-1.3642420526593924e-12
820,-3896.1321837004057,4764.36311842567,-1.4779288903810084e-12
821,-3963.427122789707,4788.150239898045,-1.0231815394945443e-12
822,-4031.312205634934,4811.8599933252935,-1.3642420526593924e-12
823,-4099.79073023333,4835.490299265323,-1.1368683772161603e-12
824,-4168.866034963636,4859.039058149149,-1.1368683772161603e-12
825,-4238.541485166379,4882.504144722483,-9.094947017729282e-13
826,-4308.820472080838,4905.883406902416,-1.3642420526593924e-12
827,-4379.706406375324,4929.174662888583,-1.5916157281026244e-12
828,-4451.202711172164,4952.375698261791,-9.094947017729282e-13
829,-4523.312820645622,4975.48426501643,-1.5916157281026244e-12
830,-4596.0401822735585,4998.498081762989,-1.5916157281026244e-12
831,-4669.3882405913155,5021.414828120769,-1.5916157281026244e-12
832,-4743.360448132472,5044.23214781673,-6.821210263296962e-13
833,-4817.960249965881,5066.94764351891,-1.1368683772161603e-12
834,-4893.191093522173,5089.558879570571,-1.3642420526593924e-12
835,-4969.05641590786,5112.063377839604,-1.3642420526593924e-12
836,-5045.559647153255,5134.458618480207,-1.1368683772161603e-12
837,-5122.704204727706,5156.742038092264,-9.094947017729282e-13
838,-5200.49348907905,5178.911028277055,-1.1368683772161603e-12
839,-5278.930878378542,5200.962934051731,-9.094947017729282e-13
840,-5358.019752833818,5222.895060504009,-9.094947017729282e-13
841,-5437.763444816534,5244.704658718376,-9.094947017729282e-13
842,-5518.16528065037,5266.388937364601,-1.3642420526593924e-12
843,-5599.22855706665,5287.945056058889,-1.3642420526593924e-12
844,-5680.956541072474,5309.370125328379,-9.094947017729282e-13
845,-5763.352473252724,5330.661207432506,-4.547473508864641e-13
846,-5846.41955332494,5351.81531259694,-2.2737367544323206e-13
847,-5930.16095758461,5372.8294034865285,-9.094947017729282e-13
848,-6014.579820232885,5393.700390398474,-9.094947017729282e-13
849,-6099.679235339883,5414.425131830166,-2.2737367544323206e-13
850,-6185.462262429473,5435.0004358356655,-9.094947017729282e-13
851,-6271.931911095191,5455.423056315527,-6.821210263296962e-13
852,-6359.09115246556,5475.689695809107,-6.821210263296962e-13
853,-6446.942911709738,5495.797003699634,-2.2737367544323206e-13
854,-6535.49006189118,5515.741574853757,4.547473508864641e-13
855,-6624.735421265459,5535.519949120227,-6.821210263296962e-13
856,-6714.681751001726,5555.128610946105,-6.821210263296962e-13
857,-6805.331764593635,5574.563991494273,0.0
858,-6896.688119508362,5593.822466812131,-4.547473508864641e-13
859,-6988.75340032287,5612.90035439835,4.547473508864641e-13
860,-7081.530143873328,5631.793918577901,4.547473508864641e-13
861,-7175.020810658831,5650.499364645288,0.0
862,-7269.227797436977,5669.0128416061525,-4.547473508864641e-13
863,-7364.153430962418,5687.330441008138,0.0
864,-7459.799968121985,5705.448197069085,4.547473508864641e-13
865,-7556.169580564046,5723.362083910326,-4.547473508864641e-13
866,-7653.264368681615,5741.068018379046,4.547473508864641e-13
867,-7751.086354737725,5758.561858842671,0.0
868,-7849.637469754807,5775.839403007683,0.0
869,-7948.919580986341,5792.89639287631,0.0
870,-8048.934431729842,5809.7285044856235,4.547473508864641e-13
871,-8149.683707158942,5826.3313594184,4.547473508864641e-13
872,-8251.168983696869,5842.700516308445,9.094947017729282e-13
873,-8353.391734738772,5858.831472160447,4.547473508864641e-13
874,-8456.353342647883,5874.719664463775,9.094947017729282e-13
875,-8560.05508332657,5890.3604689231925,0.0
876,-8664.498135957754,5905.749201133293,4.547473508864641e-13
877,-8769.683557231447,5920.881112957324,9.094947017729282e-13
878,-8875.612295743678,5935.751394968481,1.3642420526593924e-12
879,-8982.285186538615,5950.355175860451,1.3642420526593924e-12
880,-9076.52448596834,5962.949243932313,2.7284841053187847e-12
