,sub2sub,sub2sup,sup2sub,sup2sup
0,0.5261398683264552,0.5261398683264552,2.833221305898759,2.833221305898759
1,0.5268013629030367,0.5268013629030367,2.8287014382035975,2.8287014382035975
2,0.5274639403243541,0.5274639403243541,2.8241844224805397,2.8241844224805397
3,0.5281276016829535,0.5281276016829535,2.819670263350161,2.819670263350161
4,0.5287923480686552,0.5287923480686552,2.815158965419813,2.815158965419813
5,0.5294581805685301,0.5294581805685301,2.8106505332836225,2.8106505332836225
6,0.5301251002668763,0.5301251002668763,2.8061449715225124,2.8061449715225124
7,0.5307931082451952,0.5307931082451952,2.8016422847042093,2.8016422847042093
8,0.5314622055821674,0.5314622055821674,2.7971424773832525,2.7971424773832525
9,0.5321323933536305,0.5321323933536305,2.792645554101007,2.792645554101007
10,0.5328036726325546,0.5328036726325546,2.7881515193856785,2.7881515193856785
11,0.5334760444890171,0.5334760444890171,2.783660377752324,2.783660377752324
12,0.5341495099901817,0.5341495099901817,2.7791721337028603,2.7791721337028603
13,0.5348240702002718,0.5348240702002718,2.774686791726081,2.774686791726081
14,0.5354997261805485,0.5354997261805485,2.770204356297668,2.770204356297668
15,0.5361764789892856,0.5361764789892856,2.765724831880198,2.765724831880198
16,0.5368543296817446,0.5368543296817446,2.7612482229231716,2.7612482229231716
17,0.5375332793101528,0.5375332793101528,2.7567745338630085,2.7567745338630085
18,0.5382133289236779,0.5382133289236779,2.752303769123069,2.752303769123069
19,0.5388944795684025,0.5388944795684025,2.7478359331136715,2.7478359331136715
20,0.5395767322873022,0.5395767322873022,2.743371030232097,2.743371030232097
21,0.5402600881202195,0.5402600881202195,2.7389090648626113,2.7389090648626113
22,0.5409445481038401,0.5409445481038401,2.734450041376475,2.734450041376475
23,0.5416301132716682,0.5416301132716682,2.7299939641319577,2.7299939641319577
24,0.5423167846540021,0.5423167846540021,2.725540837474356,2.725540837474356
25,0.5430045632779086,0.5430045632779086,2.7210906657360043,2.7210906657360043
26,0.5436934501672008,0.5436934501672008,2.716643453236289,2.716643453236289
27,0.5443834463424104,0.5443834463424104,2.7121992042816725,2.7121992042816725
28,0.5450745528207653,0.5450745528207653,2.707757923165696,2.707757923165696
29,0.5457667706161632,0.5457667706161632,2.703319614169004,2.703319614169004
30,0.546460100739148,0.546460100739148,2.6988842815593563,2.6988842815593563
31,0.5471545441968843,0.5471545441968843,2.6944519295916445,2.6944519295916445
32,0.5478501019931316,0.5478501019931316,2.6900225625079113,2.6900225625079113
33,0.5485467751282213,0.5485467751282213,2.68559618453736,2.68559618453736
34,0.5492445645990296,0.5492445645990296,2.6811727998963772,2.6811727998963772
35,0.5499434713989535,0.5499434713989535,2.676752412788548,2.676752412788548
36,0.5506434965178858,0.5506434965178858,2.672335027404669,2.672335027404669
37,0.5513446409421892,0.5513446409421892,2.6679206479227724,2.6679206479227724
38,0.5520469056546704,0.5520469056546704,2.6635092785081396,2.6635092785081396
39,0.5527502916345575,0.5527502916345575,2.6591009233133156,2.6591009233133156
40,0.5534547998574716,0.5534547998574716,2.6546955864781325,2.6546955864781325
41,0.5541604312954027,0.5541604312954027,2.6502932721297237,2.6502932721297237
42,0.5548671869166847,0.5548671869166847,2.645893984382544,2.645893984382544
43,0.5555750676859692,0.5555750676859692,2.641497727338384,2.641497727338384
44,0.5562840745641998,0.5562840745641998,2.6371045050863975,2.6371045050863975
45,0.5569942085085875,0.5569942085085875,2.632714321703108,2.632714321703108
46,0.557705470472584,0.557705470472584,2.628327181252439,2.628327181252439
47,0.5584178614058561,0.5584178614058561,2.623943087785723,2.623943087785723
48,0.5591313822542615,0.5591313822542615,2.619562045341732,2.619562045341732
49,0.5598460339598204,0.5598460339598204,2.615184057946686,2.615184057946686
50,0.5605618174606924,0.5605618174606924,2.6108091296142772,2.6108091296142772
51,0.5612787336911487,0.5612787336911487,2.606437264345693,2.606437264345693
52,0.5619967835815467,0.5619967835815467,2.6020684661296354,2.6020684661296354
53,0.5627159680583053,0.5627159680583053,2.597702738942332,2.597702738942332
54,0.5634362880438771,0.5634362880438771,2.5933400867475673,2.5933400867475673
55,0.5641577444567231,0.5641577444567231,2.588980513496703,2.588980513496703
56,0.5648803382112872,0.5648803382112872,2.5846240231286917,2.5846240231286917
57,0.5656040702179697,0.5656040702179697,2.5802706195701037,2.5802706195701037
58,0.5663289413831004,0.5663289413831004,2.5759203067351466,2.5759203067351466
59,0.5670549526089137,0.5670549526089137,2.5715730885256836,2.5715730885256836
60,0.5677821047935221,0.5677821047935221,2.567228968831262,2.567228968831262
61,0.5685103988308889,0.5685103988308889,2.5628879515291305,2.5628879515291305
62,0.5692398356108036,0.5692398356108036,2.5585500404842616,2.5585500404842616
63,0.5699704160188537,0.5699704160188537,2.5542152395493747,2.5542152395493747
64,0.5707021409364003,0.5707021409364003,2.5498835525649577,2.5498835525649577
65,0.5714350112405501,0.5714350112405501,2.5455549833592914,2.5455549833592914
66,0.5721690278041304,0.5721690278041304,2.541229535748469,2.541229535748469
67,0.5729041914956607,0.5729041914956607,2.5369072135364266,2.5369072135364266
68,0.5736405031793287,0.5736405031793287,2.5325880205149525,2.5325880205149525
69,0.5743779637149619,0.5743779637149619,2.528271960463729,2.528271960463729
70,0.5751165739580012,0.5751165739580012,2.5239590371503398,2.5239590371503398
71,0.5758563347594756,0.5758563347594756,2.5196492543303037,2.5196492543303037
72,0.5765972469659746,0.5765972469659746,2.5153426157470933,2.5153426157470933
73,0.5773393114196209,0.5773393114196209,2.5110391251321644,2.5110391251321644
74,0.5780825289580459,0.5780825289580459,2.506738786204976,2.506738786204976
75,0.5788269004143606,0.5788269004143606,2.502441602673014,2.502441602673014
76,0.5795724266171303,0.5795724266171303,2.4981475782318228,2.4981475782318228
77,0.5803191083903475,0.5803191083903475,2.4938567165650243,2.4938567165650243
78,0.5810669465534051,0.5810669465534051,2.489569021344345,2.489569021344345
79,0.5818159419210699,0.5818159419210699,2.485284496229637,2.485284496229637
80,0.5825660953034547,0.5825660953034547,2.481003144868918,2.481003144868918
81,0.583317407505993,0.583317407505993,2.476724970898377,2.476724970898377
82,0.5840698793294113,0.5840698793294113,2.4724499779424147,2.4724499779424147
83,0.5848235115697022,0.5848235115697022,2.468178169613666,2.468178169613666
84,0.5855783050180973,0.5855783050180973,2.463909549513027,2.463909549513027
85,0.5863342604610402,0.5863342604610402,2.4596441212296742,2.4596441212296742
86,0.5870913786801609,0.5870913786801609,2.4553818883411047,2.4553818883411047
87,0.5878496604522471,0.5878496604522471,2.4511228544131534,2.4511228544131534
88,0.5886091065492178,0.5886091065492178,2.4468670230000207,2.4468670230000207
89,0.5893697177380965,0.5893697177380965,2.4426143976443035,2.4426143976443035
90,0.590131494780984,0.590131494780984,2.4383649818770263,2.4383649818770263
91,0.5908944384350315,0.5908944384350315,2.4341187792176533,2.4341187792176533
92,0.5916585494524135,0.5916585494524135,2.429875793174138,2.429875793174138
93,0.592423828580299,0.592423828580299,2.4256360272429367,2.4256360272429367
94,0.5931902765608291,0.5931902765608291,2.4213994849090343,2.4213994849090343
95,0.5939578941310839,0.5939578941310839,2.4171661696459887,2.4171661696459887
96,0.5947266820230593,0.5947266820230593,2.4129360849159447,2.4129360849159447
97,0.5954966409636392,0.5954966409636392,2.408709234169671,2.408709234169671
98,0.5962677716745677,0.5962677716745677,2.404485620846582,2.404485620846582
99,0.5970400748724211,0.5970400748724211,2.4002652483747777,2.4002652483747777
100,0.5978135512685836,0.5978135512685836,2.396048120171063,2.396048120171063
101,0.5985882015692169,0.5985882015692169,2.3918342396409833,2.3918342396409833
102,0.5993640264752351,0.5993640264752351,2.387623610178851,2.387623610178851
103,0.6001410266822765,0.6001410266822765,2.3834162351677803,2.3834162351677803
104,0.6009192028806771,0.6009192028806771,2.3792121179797125,2.3792121179797125
105,0.6016985557554411,0.6016985557554411,2.37501126197545,2.37501126197545
106,0.602479085986219,0.602479085986219,2.3708136705046803,2.3708136705046803
107,0.6032607942472736,0.6032607942472736,2.366619346906021,2.366619346906021
108,0.604043681207457,0.604043681207457,2.362428294507033,2.362428294507033
109,0.6048277475301839,0.6048277475301839,2.3582405166242655,2.3582405166242655
110,0.6056129938734002,0.6056129938734002,2.3540560165632813,2.3540560165632813
111,0.6063994208895606,0.6063994208895606,2.3498747976186904,2.3498747976186904
112,0.6071870292255978,0.6071870292255978,2.3456968630741777,2.3456968630741777
113,0.6079758195228975,0.6079758195228975,2.341522216202543,2.341522216202543
114,0.6087657924172698,0.6087657924172698,2.337350860265723,2.337350860265723
115,0.6095569485389217,0.6095569485389217,2.333182798514832,2.333182798514832
116,0.6103492885124322,0.6103492885124322,2.329018034190192,2.329018034190192
117,0.6111428129567208,0.6111428129567208,2.3248565705213653,2.3248565705213653
118,0.6119375224850259,0.6119375224850259,2.3206984107271817,2.3206984107271817
119,0.6127334177048718,0.6127334177048718,2.316543558015784,2.316543558015784
120,0.613530499218045,0.613530499218045,2.3123920155846474,2.3123920155846474
121,0.6143287676205663,0.6143287676205663,2.3082437866206265,2.3082437866206265
122,0.6151282235026638,0.6151282235026638,2.3040988742999744,2.3040988742999744
123,0.6159288674487435,0.6159288674487435,2.2999572817883913,2.2999572817883913
124,0.6167307000373656,0.6167307000373656,2.295819012241044,2.295819012241044
125,0.6175337218412148,0.6175337218412148,2.291684068802616,2.291684068802616
126,0.6183379334270731,0.6183379334270731,2.287552454607324,2.287552454607324
127,0.6191433353557937,0.6191433353557937,2.28342417277897,2.28342417277897
128,0.6199499281822742,0.6199499281822742,2.2792992264309606,2.2792992264309606
129,0.6207577124554265,0.6207577124554265,2.275177618666354,2.275177618666354
130,0.6215666887181545,0.6215666887181545,2.2710593525778875,2.2710593525778875
131,0.6223768575073217,0.6223768575073217,2.2669444312480156,2.2669444312480156
132,0.6231882193537277,0.6231882193537277,2.262832857748945,2.262832857748945
133,0.6240007747820793,0.6240007747820793,2.2587246351426717,2.2587246351426717
134,0.6248145243109646,0.6248145243109646,2.2546197664810115,2.2546197664810115
135,0.6256294684528253,0.6256294684528253,2.250518254805643,2.250518254805643
136,0.6264456077139282,0.6264456077139282,2.2464201031481403,2.2464201031481403
137,0.6272629425943413,0.6272629425943413,2.2423253145300097,2.2423253145300097
138,0.6280814735879043,0.6280814735879043,2.2382338919627225,2.2382338919627225
139,0.6289012011822008,0.6289012011822008,2.234145838447759,2.234145838447759
140,0.6297221258585348,0.6297221258585348,2.230061156976638,2.230061156976638
141,0.6305442480919007,0.6305442480919007,2.2259798505309587,2.2259798505309587
142,0.6313675683509563,0.6313675683509563,2.2219019220824383,2.2219019220824383
143,0.6321920870979981,0.6321920870979981,2.217827374592941,2.217827374592941
144,0.633017804788932,0.633017804788932,2.213756211014529,2.213756211014529
145,0.6338447218732478,0.6338447218732478,2.2096884342894882,2.2096884342894882
146,0.6346728387939916,0.6346728387939916,2.2056240473503714,2.2056240473503714
147,0.6355021559877395,0.6355021559877395,2.2015630531200343,2.2015630531200343
148,0.6363326738845695,0.6363326738845695,2.1975054545116772,2.1975054545116772
149,0.6371643929080354,0.6371643929080354,2.1934512544288816,2.1934512544288816
150,0.6379973134751414,0.6379973134751414,2.189400455765644,2.189400455765644
151,0.6388314359963132,0.6388314359963132,2.1853530614064214,2.1853530614064214
152,0.6396667608753723,0.6396667608753723,2.181309074226165,2.181309074226165
153,0.6405032885095077,0.6405032885095077,2.177268497090366,2.177268497090366
154,0.6413410192892526,0.6413410192892526,2.173231332855082,2.173231332855082
155,0.6421799535984531,0.6421799535984531,2.169197584366991,2.169197584366991
156,0.6430200918142456,0.6430200918142456,2.1651672544634204,2.1651672544634204
157,0.643861434307028,0.643861434307028,2.1611403459723957,2.1611403459723957
158,0.644703981440433,0.644703981440433,2.157116861712667,2.157116861712667
159,0.6455477335713021,0.6455477335713021,2.15309680449376,2.15309680449376
160,0.6463926910496597,0.6463926910496597,2.149080177116014,2.149080177116014
161,0.6472388542186847,0.6472388542186847,2.1450669823706203,2.1450669823706203
162,0.6480862234146859,0.6480862234146859,2.1410572230396623,2.1410572230396623
163,0.6489347989670738,0.6489347989670738,2.137050901896154,2.137050901896154
164,0.6497845811983348,0.6497845811983348,2.133048021704089,2.133048021704089
165,0.6506355704240051,0.6506355704240051,2.129048585218473,2.129048585218473
166,0.6514877669526442,0.6514877669526442,2.1250525951853665,2.1250525951853665
167,0.6523411710858076,0.6523411710858076,2.1210600543419273,2.1210600543419273
168,0.6531957831180211,0.6531957831180211,2.1170709654164503,2.1170709654164503
169,0.6540516033367548,0.6540516033367548,2.113085331128411,2.113085331128411
170,0.6549086320223956,0.6549086320223956,2.109103154188508,2.109103154188508
171,0.6557668694482216,0.6557668694482216,2.1051244372986977,2.1051244372986977
172,0.6566263158803759,0.6566263158803759,2.101149183152246,2.101149183152246
173,0.6574869715778394,0.6574869715778394,2.0971773944337606,2.0971773944337606
174,0.6583488367924064,0.6583488367924064,2.0932090738192395,2.0932090738192395
175,0.6592119117686559,0.6592119117686559,2.089244223976111,2.089244223976111
176,0.6600761967439266,0.6600761967439266,2.0852828475632776,2.0852828475632776
177,0.6609416919482908,0.6609416919482908,2.0813249472311592,2.0813249472311592
178,0.6618083976045284,0.6618083976045284,2.0773705256217307,2.0773705256217307
179,0.6626763139280993,0.6626763139280993,2.073419585368566,2.073419585368566
180,0.6635454411271189,0.6635454411271189,2.0694721290968876,2.0694721290968876
181,0.6644157794023304,0.6644157794023304,2.065528159423602,2.065528159423602
182,0.6652873289470794,0.6652873289470794,2.06158767895735,2.06158767895735
183,0.6661600899472881,0.6661600899472881,2.0576506902985425,2.0576506902985425
184,0.667034062581428,0.667034062581428,2.0537171960394054,2.0537171960394054
185,0.6679092470204941,0.6679092470204941,2.0497871987640273,2.0497871987640273
186,0.6687856434279797,0.6687856434279797,2.045860701048405,2.045860701048405
187,0.669663251959849,0.669663251959849,2.041937705460477,2.041937705460477
188,0.6705420727645105,0.6705420727645105,2.038018214560177,2.038018214560177
189,0.6714221059827934,0.6714221059827934,2.034102230899472,2.034102230899472
190,0.6723033517479168,0.6723033517479168,2.030189757022415,2.030189757022415
191,0.6731858101854681,0.6731858101854681,2.02628079546518,2.02628079546518
192,0.6740694935616091,0.6740694935616091,2.022375348756108,2.022375348756108
193,0.6749543782500411,0.6749543782500411,2.018473419415757,2.018473419415757
194,0.6758404759677394,0.6758404759677394,2.0145750099569417,2.0145750099569417
195,0.6767277868107288,0.6767277868107288,2.01068012288478,2.01068012288478
196,0.6776163108673287,0.6776163108673287,2.0067887606967396,2.0067887606967396
197,0.6785060482181267,0.6785060482181267,2.0029009258826798,2.0029009258826798
198,0.679396998935959,0.679396998935959,1.999016620924897,1.999016620924897
199,0.6802891630858828,0.6802891630858828,1.9951358482981758,1.9951358482981758
200,0.6811825407251578,0.6811825407251578,1.9912586104698236,1.9912586104698236
201,0.6820771319032186,0.6820771319032186,1.9873849098997254,1.9873849098997254
202,0.6829729366616533,0.6829729366616533,1.9835147490403857,1.9835147490403857
203,0.6838699550341801,0.6838699550341801,1.9796481303369766,1.9796481303369766
204,0.6847681870466251,0.6847681870466251,1.9757850562273802,1.9757850562273802
205,0.6856676327168999,0.6856676327168999,1.9719255291422366,1.9719255291422366
206,0.6865682920549759,0.6865682920549759,1.968069551504987,1.968069551504987
207,0.6874701650628657,0.6874701650628657,1.964217125731928,1.964217125731928
208,0.6883732517345968,0.6883732517345968,1.960368254232245,1.960368254232245
209,0.6892775520561911,0.6892775520561911,1.956522939408073,1.956522939408073
210,0.6901830660056447,0.6901830660056447,1.952681183654528,1.952681183654528
211,0.6910897935528981,0.6910897935528981,1.948842989359772,1.948842989359772
212,0.6919977346598245,0.6919977346598245,1.9450083589050393,1.9450083589050393
213,0.6929068892801985,0.6929068892801985,1.9411772946647021,1.9411772946647021
214,0.693817257359681,0.693817257359681,1.9373497990062956,1.9373497990062956
215,0.6947288388357921,0.6947288388357921,1.9335258742905908,1.9335258742905908
216,0.6956416336378932,0.6956416336378932,1.929705522871622,1.929705522871622
217,0.6965556416871636,0.6965556416871636,1.9258887470967452,1.9258887470967452
218,0.6974708628965783,0.6974708628965783,1.9220755493066743,1.9220755493066743
219,0.6983872971708892,0.6983872971708892,1.918265931835542,1.918265931835542
220,0.6993049444066017,0.6993049444066017,1.9144598970109352,1.9144598970109352
221,0.7002238044919534,0.7002238044919534,1.9106574471539497,1.9106574471539497
222,0.7011438773068944,0.7011438773068944,1.9068585845792365,1.9068585845792365
223,0.7020651627230667,0.7020651627230667,1.9030633115950488,1.9030633115950488
224,0.7029876606037805,0.7029876606037805,1.8992716305032908,1.8992716305032908
225,0.703911370803997,0.703911370803997,1.8954835435995625,1.8954835435995625
226,0.7048362931703058,0.7048362931703058,1.8916990531732156,1.8916990531732156
227,0.7057624275409046,0.7057624275409046,1.8879181615073917,1.8879181615073917
228,0.7066897737455812,0.7066897737455812,1.8841408708790746,1.8841408708790746
229,0.7076183316056887,0.7076183316056887,1.880367183559146,1.880367183559146
230,0.7085481009341303,0.7085481009341303,1.8765971018124206,1.8765971018124206
231,0.7094790815353358,0.7094790815353358,1.8728306278977083,1.8728306278977083
232,0.7104112732052438,0.7104112732052438,1.8690677640678497,1.8690677640678497
233,0.711344675731282,0.711344675731282,1.865308512569777,1.865308512569777
234,0.7122792888923478,0.7122792888923478,1.8615528756445552,1.8615528756445552
235,0.713215112458785,0.713215112458785,1.8578008555274328,1.8578008555274328
236,0.7141521461923709,0.7141521461923709,1.854052454447893,1.854052454447893
237,0.7150903898462931,0.7150903898462931,1.8503076746297014,1.8503076746297014
238,0.7160298431651311,0.7160298431651311,1.8465665182909554,1.8465665182909554
239,0.716970505884837,0.716970505884837,1.8428289876441342,1.8428289876441342
240,0.7179123777327193,0.7179123777327193,1.839095084896149,1.839095084896149
241,0.7188554584274215,0.7188554584274215,1.83536481224839,1.83536481224839
242,0.7197997476789049,0.7197997476789049,1.8316381718967796,1.8316381718967796
243,0.7207452451884296,0.7207452451884296,1.8279151660318202,1.8279151660318202
244,0.7216919506485362,0.7216919506485362,1.8241957968386477,1.8241957968386477
245,0.7226398637430305,0.7226398637430305,1.8204800664970773,1.8204800664970773
246,0.7235889841469613,0.7235889841469613,1.8167679771816532,1.8167679771816532
247,0.7245393115266066,0.7245393115266066,1.8130595310617081,1.8130595310617081
248,0.7254908455394524,0.7254908455394524,1.8093547303014015,1.8093547303014015
249,0.7264435858341783,0.7264435858341783,1.8056535770597837,1.8056535770597837
250,0.7273975320506381,0.7273975320506381,1.8019560734908313,1.8019560734908313
251,0.7283526838198461,0.7283526838198461,1.7982622217435145,1.7982622217435145
252,0.7293090407639533,0.7293090407639533,1.7945720239618386,1.7945720239618386
253,0.730266602496239,0.730266602496239,1.790885482284897,1.790885482284897
254,0.7312253686210873,0.7312253686210873,1.7872025988469247,1.7872025988469247
255,0.7321853387339747,0.7321853387339747,1.783523375777348,1.783523375777348
256,0.7331465124214505,0.7331465124214505,1.779847815200843,1.779847815200843
257,0.7341088892611256,0.7341088892611256,1.7761759192373765,1.7761759192373765
258,0.7350724688216492,0.7350724688216492,1.7725076900022707,1.7725076900022707
259,0.7360372506626995,0.7360372506626995,1.768843129606248,1.768843129606248
260,0.7370032343349655,0.7370032343349655,1.7651822401554857,1.7651822401554857
261,0.737970419380129,0.737970419380129,1.7615250237516742,1.7615250237516742
262,0.7389388053308538,0.7389388053308538,1.7578714824920652,1.7578714824920652
263,0.7399083917107673,0.7399083917107673,1.7542216184695245,1.7542216184695245
264,0.7408791780344459,0.7408791780344459,1.7505754337725936,1.7505754337725936
265,0.7418511638074009,0.7418511638074009,1.746932930485534,1.746932930485534
266,0.7428243485260632,0.7428243485260632,1.7432941106883924,1.7432941106883924
267,0.7437987316777664,0.7437987316777664,1.7396589764570531,1.7396589764570531
268,0.7447743127407406,0.7447743127407406,1.736027529863284,1.736027529863284
269,0.7457510911840859,0.7457510911840859,1.7323997729748057,1.7323997729748057
270,0.7467290664677682,0.7467290664677682,1.728775707855347,1.728775707855347
271,0.7477082380426021,0.7477082380426021,1.7251553365646866,1.7251553365646866
272,0.7486886053502336,0.7486886053502336,1.7215386611587324,1.7215386611587324
273,0.7496701678231343,0.7496701678231343,1.7179256836895593,1.7179256836895593
274,0.7506529248845805,0.7506529248845805,1.7143164062054845,1.7143164062054845
275,0.7516368759486435,0.7516368759486435,1.7107108307511119,1.7107108307511119
276,0.7526220204201768,0.7526220204201768,1.707108959367404,1.707108959367404
277,0.7536083576948028,0.7536083576948028,1.7035107940917322,1.7035107940917322
278,0.7545958871588988,0.7545958871588988,1.6999163369579426,1.6999163369579426
279,0.7555846081895862,0.7555846081895862,1.6963255899964207,1.6963255899964207
280,0.7565745201547186,0.7565745201547186,1.692738555234142,1.692738555234142
281,0.7575656224128654,0.7575656224128654,1.6891552346947523,1.6891552346947523
282,0.7585579143133073,0.7585579143133073,1.6855756303986156,1.6855756303986156
283,0.7595513951960182,0.7595513951960182,1.6819997443628851,1.6819997443628851
284,0.7605460643916545,0.7605460643916545,1.6784275786015759,1.6784275786015759
285,0.7615419212215483,0.7615419212215483,1.6748591351256172,1.6748591351256172
286,0.7625389649976899,0.7625389649976899,1.6712944159429304,1.6712944159429304
287,0.7635371950227224,0.7635371950227224,1.6677334230584973,1.6677334230584973
288,0.7645366105899247,0.7645366105899247,1.6641761584744312,1.6641761584744312
289,0.7655372109832073,0.7655372109832073,1.6606226241900397,1.6606226241900397
290,0.7665389954770994,0.7665389954770994,1.657072728655498,1.657072728655498
291,0.7675419633367354,0.7675419633367354,1.653526656407188,1.653526656407188
292,0.7685461138178498,0.7685461138178498,1.6499843202123192,1.6499843202123192
293,0.7695514461667647,0.7695514461667647,1.6464457220479294,1.6464457220479294
294,0.7705579596203808,0.7705579596203808,1.6429108638879992,1.6429108638879992
295,0.7715656534061659,0.7715656534061659,1.6393797477035035,1.6393797477035035
296,0.7725745267421504,0.7725745267421504,1.6358523754624452,1.6358523754624452
297,0.7735845788369132,0.7735845788369132,1.6323287491299168,1.6323287491299168
298,0.7745958088895748,0.7745958088895748,1.6288088706681314,1.6288088706681314
299,0.7756082160897916,0.7756082160897916,1.6252927420364713,1.6252927420364713
300,0.7766217996177384,0.7766217996177384,1.621780365191541,1.621780365191541
301,0.7776365586441124,0.7776365586441124,1.6182717420872015,1.6182717420872015
302,0.7786524923301152,0.7786524923301152,1.6147668746746129,1.6147668746746129
303,0.7796695998274502,0.7796695998274502,1.6112657649022946,1.6112657649022946
304,0.7806878802783125,0.7806878802783125,1.6077684147161542,1.6077684147161542
305,0.7817073328153814,0.7817073328153814,1.604274826059536,1.604274826059536
306,0.7827279565618163,0.7827279565618163,1.600785000873267,1.600785000873267
307,0.7837497506312432,0.7837497506312432,1.5972989410957055,1.5972989410957055
308,0.7847727141277576,0.7847727141277576,1.593816648662762,1.593816648662762
309,0.7857968461459057,0.7857968461459057,1.5903381255079796,1.5903381255079796
310,0.7868221457706872,0.7868221457706872,1.586863373562544,1.586863373562544
311,0.7878486120775473,0.7878486120775473,1.5833923947553428,1.5833923947553428
312,0.7888762441323666,0.7888762441323666,1.5799251910130072,1.5799251910130072
313,0.7899050409914591,0.7899050409914591,1.5764617642599563,1.5764617642599563
314,0.7909350017015656,0.7909350017015656,1.5730021164184265,1.5730021164184265
315,0.7919661252998479,0.7919661252998479,1.5695462494085326,1.5695462494085326
316,0.7929984108138823,0.7929984108138823,1.5660941651482978,1.5660941651482978
317,0.794031857261659,0.794031857261659,1.5626458655536999,1.5626458655536999
318,0.7950664636515703,0.7950664636515703,1.5592013525387132,1.5592013525387132
319,0.7961022289824129,0.7961022289824129,1.55576062801535,1.55576062801535
320,0.7971391522433774,0.7971391522433774,1.5523236938936982,1.5523236938936982
321,0.798177232414048,0.798177232414048,1.5488905520819731,1.5488905520819731
322,0.7992164684643979,0.7992164684643979,1.545461204486546,1.545461204486546
323,0.8002568593547841,0.8002568593547841,1.5420356530119899,1.5420356530119899
324,0.8012984040359442,0.8012984040359442,1.5386138995611256,1.5386138995611256
325,0.8023411014489938,0.8023411014489938,1.535195946035051,1.535195946035051
326,0.8033849505254211,0.8033849505254211,1.5317817943331984,1.5317817943331984
327,0.8044299501870859,0.8044299501870859,1.528371446353349,1.528371446353349
328,0.8054760993462161,0.8054760993462161,1.5249649039916975,1.5249649039916975
329,0.8065233969054025,0.8065233969054025,1.5215621691428827,1.5215621691428827
330,0.807571841757602,0.807571841757602,1.5181632437000196,1.5181632437000196
331,0.8086214327861276,0.8086214327861276,1.5147681295547493,1.5147681295547493
332,0.8096721688646525,0.8096721688646525,1.5113768285972717,1.5113768285972717
333,0.8107240488572045,0.8107240488572045,1.5079893427163809,1.5079893427163809
334,0.8117770716181616,0.8117770716181616,1.5046056737995221,1.5046056737995221
335,0.8128312359922596,0.8128312359922596,1.5012258237327987,1.5012258237327987
336,0.8138865408145792,0.8138865408145792,1.4978497944010374,1.4978497944010374
337,0.8149429849105515,0.8149429849105515,1.4944775876878136,1.4944775876878136
338,0.8160005670959496,0.8160005670959496,1.4911092054754935,1.4911092054754935
339,0.8170592861768994,0.8170592861768994,1.4877446496452624,1.4877446496452624
340,0.818119140949862,0.818119140949862,1.4843839220771746,1.4843839220771746
341,0.819180130201647,0.819180130201647,1.481027024650176,1.481027024650176
342,0.8202422527094007,0.8202422527094007,1.4776739592421537,1.4776739592421537
343,0.8213055072406106,0.8213055072406106,1.4743247277299616,1.4743247277299616
344,0.8223698925531006,0.8223698925531006,1.4709793319894628,1.4709793319894628
345,0.8234354073950313,0.8234354073950313,1.4676377738955604,1.4676377738955604
346,0.8245020505049004,0.8245020505049004,1.4643000553222323,1.4643000553222323
347,0.8255698206115362,0.8255698206115362,1.4609661781425731,1.4609661781425731
348,0.8266387164340984,0.8266387164340984,1.4576361442288233,1.4576361442288233
349,0.8277087366820749,0.8277087366820749,1.4543099554524,1.4543099554524
350,0.8287798800552835,0.8287798800552835,1.4509876136839366,1.4509876136839366
351,0.829852145243861,0.829852145243861,1.447669120793318,1.447669120793318
352,0.8309255309282696,0.8309255309282696,1.444354478649703,1.444354478649703
353,0.8320000357792825,0.8320000357792825,1.4410436891215732,1.4410436891215732
354,0.8330756584579904,0.8330756584579904,1.4377367540767558,1.4377367540767558
355,0.83415239761579,0.83415239761579,1.4344336753824505,1.4344336753824505
356,0.8352302518943792,0.8352302518943792,1.431134454905275,1.431134454905275
357,0.8363092199257519,0.8363092199257519,1.4278390945112887,1.4278390945112887
358,0.8373893003321862,0.8373893003321862,1.4245475960660257,1.4245475960660257
359,0.8384704917262419,0.8384704917262419,1.4212599614345258,1.4212599614345258
360,0.8395527927107453,0.8395527927107453,1.4179761924813634,1.4179761924813634
361,0.8406362018787787,0.8406362018787787,1.4146962910706824,1.4146962910706824
362,0.8417207178136662,0.8417207178136662,1.4114202590662204,1.4114202590662204
363,0.8428063390889569,0.8428063390889569,1.4081480983313477,1.4081480983313477
364,0.843893064268411,0.843893064268411,1.404879810729079,1.404879810729079
365,0.8449808919059717,0.8449808919059717,1.4016153981221249,1.4016153981221249
366,0.846069820545749,0.846069820545749,1.398354862372902,1.398354862372902
367,0.8471598487219858,0.8471598487219858,1.395098205343576,1.395098205343576
368,0.8482509749590303,0.8482509749590303,1.3918454288960738,1.3918454288960738
369,0.8493431977713017,0.8493431977713017,1.3885965348921272,1.3885965348921272
370,0.8504365156632437,0.8504365156632437,1.3853515251932857,1.3853515251932857
371,0.8515309271292882,0.8515309271292882,1.382110401660951,1.382110401660951
372,0.85262643065379,0.85262643065379,1.3788731661564133,1.3788731661564133
373,0.8537230247109788,0.8537230247109788,1.375639820540854,1.375639820540854
374,0.8548207077648884,0.8548207077648884,1.3724103666753882,1.3724103666753882
375,0.8559194782692752,0.8559194782692752,1.3691848064210914,1.3691848064210914
376,0.8570193346675375,0.8570193346675375,1.3659631416390159,1.3659631416390159
377,0.8581202753926135,0.8581202753926135,1.362745374190218,1.362745374190218
378,0.8592222988668743,0.8592222988668743,1.3595315059357915,1.3595315059357915
379,0.8603254035019938,0.8603254035019938,1.3563215387368779,1.3563215387368779
380,0.8614295876988078,0.8614295876988078,1.3531154744547014,1.3531154744547014
381,0.862534849847157,0.862534849847157,1.349913314950588,1.349913314950588
382,0.863641188325698,0.863641188325698,1.346715062085988,1.346715062085988
383,0.8647486015017063,0.8647486015017063,1.3435207177225041,1.3435207177225041
384,0.8658570877308394,0.8658570877308394,1.3403302837219133,1.3403302837219133
385,0.8669666453568793,0.8669666453568793,1.3371437619461772,1.3371437619461772
386,0.8680772727114324,0.8680772727114324,1.3339611542574967,1.3339611542574967
387,0.869188968113606,0.869188968113606,1.3307824625182971,1.3307824625182971
388,0.8703017564793121,0.8703017564793121,1.327607688591272,1.327607688591272
389,0.8714155860352427,0.8714155860352427,1.324436834339409,1.324436834339409
390,0.8725304788949212,0.8725304788949212,1.321269901626004,1.321269901626004
391,0.8736464333689751,0.8736464333689751,1.3181068923146828,1.3181068923146828
392,0.874763447758715,0.874763447758715,1.3149478082694415,1.3149478082694415
393,0.8758815203561651,0.8758815203561651,1.3117926513546483,1.3117926513546483
394,0.8770006494440616,0.8770006494440616,1.30864142343509,1.30864142343509
395,0.8781208332958751,0.8781208332958751,1.3054941263759858,1.3054941263759858
396,0.879242070175819,0.879242070175819,1.3023507620430168,1.3023507620430168
397,0.880364358338867,0.880364358338867,1.299211332302355,1.299211332302355
398,0.881487696030761,0.881487696030761,1.2960758390207046,1.2960758390207046
399,0.8826120814880316,0.8826120814880316,1.292944284065317,1.292944284065317
400,0.8837375129380106,0.8837375129380106,1.2898166693040445,1.2898166693040445
401,0.8848639885988461,0.8848639885988461,1.286692996605366,1.286692996605366
402,0.8859915066795099,0.8859915066795099,1.2835732678384435,1.2835732678384435
403,0.8871200653798297,0.8871200653798297,1.2804574848731543,1.2804574848731543
404,0.888249662890484,0.888249662890484,1.2773456495801578,1.2773456495801578
405,0.8893802973930334,0.8893802973930334,1.2742377638309494,1.2742377638309494
406,0.8905119670599294,0.8905119670599294,1.27113382949793,1.27113382949793
407,0.8916446700545303,0.8916446700545303,1.2680338484544975,1.2680338484544975
408,0.8927784045311213,0.8927784045311213,1.2649378225750925,1.2649378225750925
409,0.8939131686349275,0.8939131686349275,1.2618457537353662,1.2618457537353662
410,0.8950489605021279,0.8950489605021279,1.2587576438122496,1.2587576438122496
411,0.8961857782598854,0.8961857782598854,1.2556734946840986,1.2556734946840986
412,0.8973236200263427,0.8973236200263427,1.2525933082308778,1.2525933082308778
413,0.8984624839106627,0.8984624839106627,1.249517086334331,1.249517086334331
414,0.8996023680130272,0.8996023680130272,1.2464448308781912,1.2464448308781912
415,0.9007432704246638,0.9007432704246638,1.2433765437484747,1.2433765437484747
416,0.9018851892278651,0.9018851892278651,1.2403122268337377,1.2403122268337377
417,0.9030281224960015,0.9030281224960015,1.237251882025477,1.237251882025477
418,0.9041720682935429,0.9041720682935429,1.2341955112185226,1.2341955112185226
419,0.9053170246760668,0.9053170246760668,1.2311431163115576,1.2311431163115576
420,0.9064629896902952,0.9064629896902952,1.2280946992076922,1.2280946992076922
421,0.9076099613740974,0.9076099613740974,1.225050261815186,1.225050261815186
422,0.9087579377565093,0.9087579377565093,1.2220098060482567,1.2220098060482567
423,0.909906916857761,0.909906916857761,1.218973333828092,1.218973333828092
424,0.9110568966892744,0.9110568966892744,1.2159408470840187,1.2159408470840187
425,0.9122078752536943,0.9122078752536943,1.2129123477548993,1.2129123477548993
426,0.9133598505449049,0.9133598505449049,1.209887837790808,1.209887837790808
427,0.9145128205480325,0.9145128205480325,1.206867319155031,1.206867319155031
428,0.915666783239458,0.915666783239458,1.2038507938264469,1.2038507938264469
429,0.916821736586838,0.916821736586838,1.2008382638023687,1.2008382638023687
430,0.9179776785490903,0.9179776785490903,1.1978297311019748,1.1978297311019748
431,0.919134607076417,0.919134607076417,1.1948251977703714,1.1948251977703714
432,0.9202925201102725,0.9202925201102725,1.1918246658835046,1.1918246658835046
433,0.9214514155833746,0.9214514155833746,1.188828137554055,1.188828137554055
434,0.9226112914196617,0.9226112914196617,1.1858356149384863,1.1858356149384863
435,0.923772145534261,0.923772145534261,1.1828471002455458,1.1828471002455458
436,0.9249339758334347,0.9249339758334347,1.1798625957465114,1.1798625957465114
437,0.9260967802144827,0.9260967802144827,1.176882103787512,1.176882103787512
438,0.9272605565656535,0.9272605565656535,1.173905478247563,1.173905478247563
439,0.9284253027659507,0.9284253027659507,1.1709329923320728,1.1709329923320728
440,0.9295910166849588,0.9295910166849588,1.167964521717154,1.167964521717154
441,0.9307576961825359,0.9307576961825359,1.165000068292378,1.165000068292378
442,0.9319253391084359,0.9319253391084359,1.1620396339478243,1.1620396339478243
443,0.9330939433017906,0.9330939433017906,1.15908322057408,1.15908322057408
444,0.9342635065904533,0.9342635065904533,1.1561308300621889,1.1561308300621889
445,0.9354340267900811,0.9354340267900811,1.1531824643036908,1.1531824643036908
446,0.9366055017029623,0.9366055017029623,1.1502381251905633,1.1502381251905633
447,0.9377779291164318,0.9377779291164318,1.1472978146152464,1.1472978146152464
448,0.9389513068007889,0.9389513068007889,1.144361534470615,1.144361534470615
449,0.9401256325065444,0.9401256325065444,1.1414292866499474,1.1414292866499474
450,0.9413009039607648,0.9413009039607648,1.1385010730469551,1.1385010730469551
451,0.9424771188622415,0.9424771188622415,1.1355768955557566,1.1355768955557566
452,0.9436542748750866,0.9436542748750866,1.132656756070844,1.132656756070844
453,0.9448323696202182,0.9448323696202182,1.1297406564871466,1.1297406564871466
454,0.9460114006641087,0.9460114006641087,1.126828598699981,1.126828598699981
455,0.9471913655037913,0.9471913655037913,1.1239205846051052,1.1239205846051052
456,0.9483722615469408,0.9483722615469408,1.1210166160987929,1.1210166160987929
457,0.9495540860854204,0.9495540860854204,1.118116695077865,1.118116695077865
458,0.9507368362599505,0.9507368362599505,1.1152208234398584,1.1152208234398584
459,0.9519205090131124,0.9519205090131124,1.1123290030832673,1.1123290030832673
460,0.9531051741139144,0.9531051741139144,1.1094412359078782,1.1094412359078782
461,0.9542907048051452,0.9542907048051452,1.1065575238153402,1.1065575238153402
462,0.9554771543775552,0.9554771543775552,1.103677868710033,1.103677868710033
463,0.9566645205181787,0.9566645205181787,1.1008022725004787,1.1008022725004787
464,0.9578528009062448,0.9578528009062448,1.0979307371014997,1.0979307371014997
465,0.9590419932132064,0.9590419932132064,1.0950632644375524,1.0950632644375524
466,0.9602320951027339,0.9602320951027339,1.0921998564481346,1.0921998564481346
467,0.961423104230726,0.961423104230726,1.0893405150960522,1.0893405150960522
468,0.9626150182452784,0.9626150182452784,1.0864852423807347,1.0864852423807347
469,0.9638078347866349,0.9638078347866349,1.0836340403590519,1.0836340403590519
470,0.9650015514870036,0.9650015514870036,1.0807869111786474,1.0807869111786474
471,0.9661961659702585,0.9661961659702585,1.077943857130877,1.077943857130877
472,0.9673916758513084,0.9673916758513084,1.075104880735703,1.075104880735703
473,0.9685880787349003,0.9685880787349003,1.0722699848780286,1.0722699848780286
474,0.969785372213305,0.969785372213305,1.0694391730276127,1.0694391730276127
475,0.9709835538619119,0.9709835538619119,1.0666124495953315,1.0666124495953315
476,0.9721826212307311,0.9721826212307311,1.0637898205125367,1.0637898205125367
477,0.9733825718280975,0.9733825718280975,1.0609712941773641,1.0609712941773641
478,0.9745834030890791,0.9745834030890791,1.0581568830070065,1.0581568830070065
479,0.9757851123141815,0.9757851123141815,1.0553462844897001,1.0553462844897001
480,0.9769876965494756,0.9769876965494756,1.0525399790544379,1.0525399790544379
481,0.9781911523514761,0.9781911523514761,1.049737766615291,1.049737766615291
482,0.9793954753221776,0.9793954753221776,1.0469396490679876,1.0469396490679876
483,0.9806006591852058,0.9806006591852058,1.0441456283119477,1.0441456283119477
484,0.9818066939374003,0.9818066939374003,1.0413557062583911,1.0413557062583911
485,0.9830135621264869,0.9830135621264869,1.0385698848546012,1.0385698848546012
486,0.9842214801938843,0.9842214801938843,1.0357881661577033,1.0357881661577033
487,0.9854301302586406,0.9854301302586406,1.0330105525618265,1.0330105525618265
488,0.9866396366018336,0.9866396366018336,1.0302370475111782,1.0302370475111782
489,0.9878499966819687,0.9878499966819687,1.0274676577787685,1.0274676577787685
490,0.9890612078215201,0.9890612078215201,1.0247024008945107,1.0247024008945107
491,0.9902732667188774,0.9902732667188774,1.021941329877556,1.021941329877556
492,0.9914861670256855,0.9914861670256855,1.019184617446765,1.019184617446765
493,0.9926998869005047,0.9926998869005047,1.0164311595407367,1.0164311595407367
494,0.9939143226371945,0.9939143226371945,1.013682328639876,1.013682328639876
495,0.9951299457860951,0.9951299457860951,1.010937624979159,1.010937624979159
496,0.9963462095415663,0.9963462095415663,1.008197175897594,1.008197175897594
497,0.9975632048822484,0.9975632048822484,1.0054605582350558,1.0054605582350558
498,0.9987812327994595,0.9987812327994595,1.0027285552803025,1.0027285552803025
499,0.9999367354724298,0.9999367354724298,1.000079887072831,1.000079887072831
500,0.9999367354724298,1.000079887072831,0.9999367354724298,1.000079887072831
501,0.9951299457860951,1.010937624979159,0.9951299457860951,1.010937624979159
502,0.9902732667188774,1.021941329877556,0.9902732667188774,1.021941329877556
503,0.9854301302586406,1.0330105525618265,0.9854301302586406,1.0330105525618265
504,0.9806006591852058,1.0441456283119477,0.9806006591852058,1.0441456283119477
505,0.9757851123141815,1.0553462844897001,0.9757851123141815,1.0553462844897001
506,0.9709835538619119,1.0666124495953315,0.9709835538619119,1.0666124495953315
507,0.9661961659702585,1.077943857130877,0.9661961659702585,1.077943857130877
508,0.961423104230726,1.0893405150960522,0.961423104230726,1.0893405150960522
509,0.9566645205181787,1.1008022725004787,0.9566645205181787,1.1008022725004787
510,0.9519205090131124,1.1123290030832673,0.9519205090131124,1.1123290030832673
511,0.9471913655037913,1.1239205846051052,0.9471913655037913,1.1239205846051052
512,0.9424771188622415,1.1355768955557566,0.9424771188622415,1.1355768955557566
513,0.9377779291164318,1.1472978146152464,0.9377779291164318,1.1472978146152464
514,0.9330939433017906,1.15908322057408,0.9330939433017906,1.15908322057408
515,0.9284253027659507,1.1709329923320728,0.9284253027659507,1.1709329923320728
516,0.923772145534261,1.1828471002455458,0.923772145534261,1.1828471002455458
517,0.919134607076417,1.1948251977703714,0.919134607076417,1.1948251977703714
518,0.9145128205480325,1.206867319155031,0.9145128205480325,1.206867319155031
519,0.909906916857761,1.218973333828092,0.909906916857761,1.218973333828092
520,0.9053170246760668,1.2311431163115576,0.9053170246760668,1.2311431163115576
521,0.9007432704246638,1.2433765437484747,0.9007432704246638,1.2433765437484747
522,0.8961857782598854,1.2556734946840986,0.8961857782598854,1.2556734946840986
523,0.8916446700545303,1.2680338484544975,0.8916446700545303,1.2680338484544975
524,0.8871200653798297,1.2804574848731543,0.8871200653798297,1.2804574848731543
525,0.8826120814880316,1.292944284065317,0.8826120814880316,1.292944284065317
526,0.8781208332958751,1.3054941263759858,0.8781208332958751,1.3054941263759858
527,0.8736464333689751,1.3181068923146828,0.8736464333689751,1.3181068923146828
528,0.8691889681136069,1.3307824625182938,0.8691889681136069,1.3307824625182938
529,0.8647486015017063,1.3435207177225041,0.8647486015017063,1.3435207177225041
530,0.8603254035019938,1.3563215387368779,0.8603254035019938,1.3563215387368779
531,0.8559194782692752,1.3691848064210914,0.8559194782692752,1.3691848064210914
532,0.8515309271292882,1.382110401660951,0.8515309271292882,1.382110401660951
533,0.8471598487219858,1.395098205343576,0.8471598487219858,1.395098205343576
534,0.8428063390889569,1.4081480983313477,0.8428063390889569,1.4081480983313477
535,0.8384704917262419,1.4212599614345258,0.8384704917262419,1.4212599614345258
536,0.83415239761579,1.4344336753824505,0.83415239761579,1.4344336753824505
537,0.829852145243861,1.447669120793318,0.829852145243861,1.447669120793318
538,0.8255698206115362,1.4609661781425731,0.8255698206115362,1.4609661781425731
539,0.8213055072406106,1.4743247277299616,0.8213055072406106,1.4743247277299616
540,0.8170592861768994,1.4877446496452624,0.8170592861768994,1.4877446496452624
541,0.8128312359922596,1.5012258237327987,0.8128312359922596,1.5012258237327987
542,0.8086214327861276,1.5147681295547493,0.8086214327861276,1.5147681295547493
543,0.8044299501870859,1.528371446353349,0.8044299501870859,1.528371446353349
544,0.8002568593547841,1.5420356530119899,0.8002568593547841,1.5420356530119899
545,0.7961022289824136,1.555760628015348,0.7961022289824136,1.555760628015348
546,0.7919661252998479,1.5695462494085326,0.7919661252998479,1.5695462494085326
547,0.7878486120775473,1.5833923947553428,0.7878486120775473,1.5833923947553428
548,0.7837497506312444,1.5972989410957024,0.7837497506312444,1.5972989410957024
549,0.7796695998274502,1.6112657649022946,0.7796695998274502,1.6112657649022946
550,0.7756082160897916,1.6252927420364713,0.7756082160897916,1.6252927420364713
551,0.771565653406166,1.6393797477035015,0.771565653406166,1.6393797477035015
552,0.7675419633367354,1.653526656407188,0.7675419633367354,1.653526656407188
553,0.7635371950227224,1.6677334230584973,0.7635371950227224,1.6677334230584973
554,0.7595513951960182,1.6819997443628851,0.7595513951960182,1.6819997443628851
555,0.7555846081895863,1.6963255899964198,0.7555846081895863,1.6963255899964198
556,0.7516368759486435,1.7107108307511119,0.7516368759486435,1.7107108307511119
557,0.7477082380426021,1.7251553365646866,0.7477082380426021,1.7251553365646866
558,0.7437987316777664,1.7396589764570531,0.7437987316777664,1.7396589764570531
559,0.7399083917107673,1.7542216184695245,0.7399083917107673,1.7542216184695245
560,0.7360372506626995,1.768843129606248,0.7360372506626995,1.768843129606248
561,0.7321853387339747,1.783523375777348,0.7321853387339747,1.783523375777348
562,0.7283526838198461,1.7982622217435145,0.7283526838198461,1.7982622217435145
563,0.7245393115266066,1.8130595310617081,0.7245393115266066,1.8130595310617081
564,0.7207452451884296,1.8279151660318202,0.7207452451884296,1.8279151660318202
565,0.716970505884837,1.8428289876441342,0.716970505884837,1.8428289876441342
566,0.7132151124587853,1.8578008555274321,0.7132151124587853,1.8578008555274321
567,0.7094790815353358,1.8728306278977083,0.7094790815353358,1.8728306278977083
568,0.7057624275409046,1.8879181615073917,0.7057624275409046,1.8879181615073917
569,0.7020651627230667,1.9030633115950488,0.7020651627230667,1.9030633115950488
570,0.6983872971708893,1.9182659318355408,0.6983872971708893,1.9182659318355408
571,0.6947288388357921,1.9335258742905908,0.6947288388357921,1.9335258742905908
572,0.6910897935528981,1.948842989359772,0.6910897935528981,1.948842989359772
573,0.6874701650628657,1.964217125731928,0.6874701650628657,1.964217125731928
574,0.6838699550341801,1.9796481303369766,0.6838699550341801,1.9796481303369766
575,0.6802891630858828,1.9951358482981758,0.6802891630858828,1.9951358482981758
576,0.6767277868107288,2.01068012288478,0.6767277868107288,2.01068012288478
577,0.6731858101854681,2.02628079546518,0.6731858101854681,2.02628079546518
578,0.669663251959849,2.041937705460477,0.669663251959849,2.041937705460477
579,0.6661600899472881,2.0576506902985425,0.6661600899472881,2.0576506902985425
580,0.6626763139280993,2.073419585368566,0.6626763139280993,2.073419585368566
581,0.6592119117686559,2.089244223976111,0.6592119117686559,2.089244223976111
582,0.6557668694482216,2.1051244372986977,0.6557668694482216,2.1051244372986977
583,0.6523411710858076,2.1210600543419273,0.6523411710858076,2.1210600543419273
584,0.6489347989670738,2.137050901896154,0.6489347989670738,2.137050901896154
585,0.6455477335713021,2.15309680449376,0.6455477335713021,2.15309680449376
586,0.6421799535984531,2.169197584366991,0.6421799535984531,2.169197584366991
587,0.6388314359963132,2.1853530614064214,0.6388314359963132,2.1853530614064214
588,0.6355021559877395,2.201563053120033,0.6355021559877395,2.201563053120033
589,0.6321920870979981,2.217827374592941,0.6321920870979981,2.217827374592941
590,0.6289012011822009,2.2341458384477586,0.6289012011822009,2.2341458384477586
591,0.6256294684528253,2.250518254805643,0.6256294684528253,2.250518254805643
592,0.6223768575073219,2.266944431248015,0.6223768575073219,2.266944431248015
593,0.6191433353557937,2.28342417277897,0.6191433353557937,2.28342417277897
594,0.6159288674487435,2.2999572817883913,0.6159288674487435,2.2999572817883913
595,0.6127334177048718,2.316543558015784,0.6127334177048718,2.316543558015784
596,0.6095569485389217,2.333182798514832,0.6095569485389217,2.333182798514832
597,0.6063994208895606,2.3498747976186904,0.6063994208895606,2.3498747976186904
598,0.6032607942472736,2.366619346906021,0.6032607942472736,2.366619346906021
599,0.6001410266822768,2.383416235167779,0.6001410266822768,2.383416235167779
600,0.5970400748724211,2.4002652483747777,0.5970400748724211,2.4002652483747777
601,0.5939578941310839,2.4171661696459887,0.5939578941310839,2.4171661696459887
602,0.5908944384350315,2.4341187792176533,0.5908944384350315,2.4341187792176533
603,0.5878496604522471,2.4511228544131534,0.5878496604522471,2.4511228544131534
604,0.5848235115697022,2.468178169613666,0.5848235115697022,2.468178169613666
605,0.5818159419210699,2.485284496229637,0.5818159419210699,2.485284496229637
606,0.5788269004143606,2.502441602673014,0.5788269004143606,2.502441602673014
607,0.5758563347594756,2.5196492543303037,0.5758563347594756,2.5196492543303037
608,0.5729041914956607,2.5369072135364266,0.5729041914956607,2.5369072135364266
609,0.5699704160188537,2.5542152395493747,0.5699704160188537,2.5542152395493747
610,0.5670549526089137,2.5715730885256836,0.5670549526089137,2.5715730885256836
611,0.5641577444567231,2.588980513496703,0.5641577444567231,2.588980513496703
612,0.5612787336911487,2.606437264345693,0.5612787336911487,2.606437264345693
613,0.5584178614058561,2.623943087785723,0.5584178614058561,2.623943087785723
614,0.5555750676859692,2.641497727338384,0.5555750676859692,2.641497727338384
615,0.5527502916345575,2.6591009233133156,0.5527502916345575,2.6591009233133156
616,0.5499434713989535,2.676752412788547,0.5499434713989535,2.676752412788547
617,0.5471545441968843,2.6944519295916445,0.5471545441968843,2.6944519295916445
618,0.5443834463424104,2.7121992042816725,0.5443834463424104,2.7121992042816725
619,0.5416301132716682,2.7299939641319577,0.5416301132716682,2.7299939641319577
620,0.5388944795684025,2.7478359331136715,0.5388944795684025,2.7478359331136715
621,0.5361764789892856,2.765724831880198,0.5361764789892856,2.765724831880198
622,0.5334760444890171,2.783660377752324,0.5334760444890171,2.783660377752324
623,0.5307931082451952,2.8016422847042093,0.5307931082451952,2.8016422847042093
624,0.5281276016829535,2.819670263350161,0.5281276016829535,2.819670263350161
625,0.52547945549936,2.837744020932203,0.52547945549936,2.837744020932203
626,0.5228485996875711,2.855863261308421,0.5228485996875711,2.855863261308421
627,0.5202349635607327,2.874027684942102,0.5202349635607327,2.874027684942102
628,0.5176384757756304,2.89223698889165,0.5176384757756304,2.89223698889165
629,0.5150590643560753,2.910490866801266,0.5150590643560753,2.910490866801266
630,0.5124966567160285,2.928789008892417,0.5124966567160285,2.928789008892417
631,0.5099511796824558,2.947131101956047,0.5099511796824558,2.947131101956047
632,0.5074225595179108,2.965516829345564,0.5074225595179108,2.965516829345564
633,0.504910721942841,2.9839458709705715,0.504910721942841,2.9839458709705715
634,0.5024155921576154,3.002417903291346,0.5024155921576154,3.002417903291346
635,0.4999370948642716,3.020932599314065,0.4999370948642716,3.020932599314065
636,0.4974751542879735,3.039489628586758,0.4974751542879735,3.039489628586758
637,0.4950296941981865,3.0580886571959955,0.4950296941981865,3.0580886571959955
638,0.4926006379295596,3.076729347764296,0.4926006379295596,3.076729347764296
639,0.49018790840251664,3.0954113594482524,0.49018790840251664,3.0954113594482524
640,0.4877914281435542,3.114134347937358,0.4877914281435542,3.114134347937358
641,0.4854111193052434,3.132897965453549,0.4854111193052434,3.132897965453549
642,0.4830469036859353,3.1517018607514315,0.4830469036859353,3.1517018607514315
643,0.4806987027491695,3.1705456791191957,0.4806987027491695,3.1705456791191957
644,0.4783664376427825,3.1894290623802135,0.4783664376427825,3.1894290623802135
645,0.47605002921771755,3.208351648895317,0.47605002921771755,3.208351648895317
646,0.47374939804653354,3.227313073565725,0.47374939804653354,3.227313073565725
647,0.47146446444161483,3.246312967836645,0.47146446444161483,3.246312967836645
648,0.46919514847307936,3.2653509597015136,0.46919514847307936,3.2653509597015136
649,0.46694136998638597,3.284426673706889,0.46694136998638597,3.284426673706889
650,0.46470304861964284,3.303539730957967,0.46470304861964284,3.303539730957967
651,0.46248010382061433,3.3226897491247396,0.46248010382061433,3.3226897491247396
652,0.46027245486342955,3.341876342448755,0.46027245486342955,3.341876342448755
653,0.45808002086498956,3.361099121750508,0.45808002086498956,3.361099121750508
654,0.45590272080108096,3.380357694437416,0.45590272080108096,3.380357694437416
655,0.4537404735221877,3.3996516645124033,0.4537404735221877,3.3996516645124033
656,0.4515931977690091,3.4189806325830663,0.4515931977690091,3.4189806325830663
657,0.4494608121876843,3.4383441958714194,0.4494608121876843,3.4383441958714194
658,0.44734323534472015,3.457741948224214,0.44734323534472015,3.457741948224214
659,0.4452403857416302,3.477173480123817,0.4452403857416302,3.477173480123817
660,0.4431521818292814,3.4966383786996507,0.4431521818292814,3.4966383786996507
661,0.4410785420219526,3.516136227740171,0.4410785420219526,3.516136227740171
662,0.43901938471110774,3.5356666077053895,0.43901938471110774,3.5356666077053895
663,0.4369746282788814,3.5552290957399295,0.4369746282788814,3.5552290957399295
664,0.43494419111128424,3.574823265686599,0.43494419111128424,3.574823265686599
665,0.4329279916111257,3.594448688100478,0.4329279916111257,3.594448688100478
666,0.4309259482106599,3.6141049302635193,0.4309259482106599,3.6141049302635193
667,0.4289379793839535,3.6337915561996383,0.4289379793839535,3.6337915561996383
668,0.4269640036589809,3.6535081266903084,0.4269640036589809,3.6535081266903084
669,0.42500393962944827,3.6732541992906125,0.42500393962944827,3.6732541992906125
670,0.42305770596634684,3.6930293283458,0.42305770596634684,3.6930293283458
671,0.42112522142924264,3.7128330650082884,0.42112522142924264,3.7128330650082884
672,0.41920640487729977,3.732664957255134,0.41920640487729977,3.732664957255134
673,0.41730117528004523,3.752524549905946,0.41730117528004523,3.752524549905946
674,0.4154094517278732,3.772411384641253,0.4154094517278732,3.772411384641253
675,0.41353115344229496,3.792325000021299,0.41353115344229496,3.792325000021299
676,0.4116661997859368,3.8122649315052644,0.4116661997859368,3.8122649315052644
677,0.40981451027228843,3.832230711470912,0.40981451027228843,3.832230711470912
678,0.40797600457520145,3.8522218692346444,0.40797600457520145,3.8522218692346444
679,0.4061506025381491,3.8722379310719623,0.4061506025381491,3.8722379310719623
680,0.40433822418324206,3.8922784202383234,0.40433822418324206,3.8922784202383234
681,0.40253878972000606,3.91234285699039,0.40253878972000606,3.91234285699039
682,0.4007522195539277,3.93243075860766,0.4007522195539277,3.93243075860766
683,0.39897843429476576,3.9525416394144672,0.39897843429476576,3.9525416394144672
684,0.3972173547646364,3.972675010802357,0.3972173547646364,3.972675010802357
685,0.3954689020058707,3.992830381252817,0.3954689020058707,3.992830381252817
686,0.39373299728865296,4.0130072563603605,0.39373299728865296,4.0130072563603605
687,0.3920095621184371,4.033205138855958,0.3920095621184371,4.033205138855958
688,0.3902985182431493,4.053423528630814,0.3902985182431493,4.053423528630814
689,0.38859978766017755,4.073661922760454,0.38859978766017755,4.073661922760454
690,0.3869132926231504,4.093919991742958,0.3869132926231504,4.093919991742958
691,0.38523895564851107,4.114196865976652,0.38523895564851107,4.114196865976652
692,0.3835766995218887,4.1344922195979095,0.3835766995218887,4.1344922195979095
693,0.3819264473042678,4.154805538642086,0.3819264473042678,4.154805538642086
694,0.38028812233796266,4.175136306455535,0.38028812233796266,4.175136306455535
695,0.37866164825239806,4.195484003721468,0.37866164825239806,4.195484003721468
696,0.377046948969699,4.2158481084861235,0.377046948969699,4.2158481084861235
697,0.37544394871009357,4.236228096185188,0.37544394871009357,4.236228096185188
698,0.3738525719971324,4.2566234396705305,0.3738525719971324,4.2566234396705305
699,0.3722727436627263,4.27703360923717,0.3722727436627263,4.27703360923717
700,0.37070438885200657,4.297458072650539,0.37070438885200657,4.297458072650539
701,0.36914743302801156,4.317896295173977,0.36914743302801156,4.317896295173977
702,0.3676018019762,4.338347739596498,0.3676018019762,4.338347739596498
703,0.3660674218087977,4.358811866260783,0.3660674218087977,4.358811866260783
704,0.3645442189689781,4.379288133091422,0.3645442189689781,4.379288133091422
705,0.3630321202348801,4.399775995623386,0.3630321202348801,4.399775995623386
706,0.3615310527234676,4.420274907030726,0.3615310527234676,4.420274907030726
707,0.36004094389423275,4.440784318155488,0.36004094389423275,4.440784318155488
708,0.3585617215527445,4.461303677536845,0.3585617215527445,4.461303677536845
709,0.3570933138540497,4.481832431440444,0.3570933138540497,4.481832431440444
710,0.3556356493059231,4.502370023887944,0.3556356493059231,4.502370023887944
711,0.35418865677197675,4.522915896686764,0.35418865677197675,4.522915896686764
712,0.3527522654746252,4.543469489460014,0.3527522654746252,4.543469489460014
713,0.35132640499791296,4.564030239676615,0.35132640499791296,4.564030239676615
714,0.3499110052902067,4.584597582681605,0.3499110052902067,4.584597582681605
715,0.3485059966667527,4.6051709517266115,0.3485059966667527,4.6051709517266115
716,0.347111309812106,4.625749778000509,0.347111309812106,4.625749778000509
717,0.345726875782431,4.646333490660229,0.345726875782431,4.646333490660229
718,0.3443526260076772,4.666921516861733,0.3443526260076772,4.666921516861733
719,0.34298849229363304,4.687513281791155,0.34298849229363304,4.687513281791155
720,0.34163440682386037,4.708108208696068,0.34163440682386037,4.708108208696068
721,0.34029030216151207,4.728705718916925,0.34029030216151207,4.728705718916925
722,0.33895611125103475,4.749305231918626,0.33895611125103475,4.749305231918626
723,0.337631767419761,4.769906165322222,0.337631767419761,4.769906165322222
724,0.33631720437939167,4.790507934936754,0.33631720437939167,4.790507934936754
725,0.3350123562273707,4.8111099547912195,0.3350123562273707,4.8111099547912195
726,0.3337171574481581,4.83171163716666,0.3337171574481581,4.83171163716666
727,0.3324315429143986,4.852312392628373,0.3324315429143986,4.852312392628373
728,0.3311554478879923,4.872911630058224,0.3311554478879923,4.872911630058224
729,0.3298888080210676,4.893508756687085,0.3298888080210676,4.893508756687085
730,0.3286315593568605,4.914103178127372,0.3286315593568605,4.914103178127372
731,0.3273836383305003,4.93469429840568,0.3273836383305003,4.93469429840568
732,0.3261449817697058,4.955281519995518,0.3261449817697058,4.955281519995518
733,0.3249155268953932,4.975864243850144,0.3249155268953932,4.975864243850144
734,0.32369521132219886,4.996441869435476,0.32369521132219886,4.996441869435476
735,0.3224839730589179,5.0170137947631,0.3224839730589179,5.0170137947631
736,0.3212817505088613,5.037579416423359,0.3212817505088613,5.037579416423359
737,0.3200884824701348,5.058138129618509,0.3200884824701348,5.058138129618509
738,0.31890410813583914,5.078689328195963,0.31890410813583914,5.078689328195963
739,0.3177285670941951,5.099232404681594,0.3177285670941951,5.099232404681594
740,0.3165617993285972,5.119766750313114,0.3165617993285972,5.119766750313114
741,0.3154037452175932,5.140291755073509,0.3154037452175932,5.140291755073509
742,0.31425434097117877,5.160806807724537,0.31425434097117877,5.160806807724537
743,0.31311353710320217,5.181311295840283,0.31311353710320217,5.181311295840283
744,0.31198127038392576,5.2018046058407625,0.31198127038392576,5.2018046058407625
745,0.31085748277157893,5.222286123025581,0.31085748277157893,5.222286123025581
746,0.309742116618411,5.242755231607635,0.309742116618411,5.242755231607635
747,0.30863511467028676,5.263211314746853,0.30863511467028676,5.263211314746853
748,0.3075364200662225,5.283653754583981,0.3075364200662225,5.283653754583981
749,0.3064459763378645,5.304081932274414,0.3064459763378645,5.304081932274414
750,0.30536372740891415,5.324495228022027,0.30536372740891415,5.324495228022027
751,0.3042896175944976,5.344893021113085,0.3042896175944976,5.344893021113085
752,0.3032235916004845,5.365274689950138,0.3032235916004845,5.365274689950138
753,0.30216559452275693,5.385639612085962,0.30216559452275693,5.385639612085962
754,0.30111557184642807,5.405987164257516,0.30111557184642807,5.405987164257516
755,0.30007346944501434,5.426316722419912,0.30007346944501434,5.426316722419912
756,0.2990392335795626,5.446627661780424,0.2990392335795626,5.446627661780424
757,0.2980128108977319,5.466919356832465,0.2980128108977319,5.466919356832465
758,0.29699414843283256,5.4871911813896235,0.29699414843283256,5.4871911813896235
759,0.29598319360282455,5.507442508619674,0.29598319360282455,5.507442508619674
760,0.2949798942092754,5.527672711078603,0.2949798942092754,5.527672711078603
761,0.2939841984362788,5.547881160744642,0.2939841984362788,5.547881160744642
762,0.29299605484933716,5.56806722905229,0.29299605484933716,5.56806722905229
763,0.2920154123942072,5.588230286926335,0.2920154123942072,5.588230286926335
764,0.29104222039571065,5.608369704815884,0.29104222039571065,5.608369704815884
765,0.29007642855651206,5.628484852728357,0.29007642855651206,5.628484852728357
766,0.2891179869558642,5.648575100263498,0.2891179869558642,5.648575100263498
767,0.2881668460483218,5.668639816647357,0.2881668460483218,5.668639816647357
768,0.28722295666242564,5.688678370766262,0.28722295666242564,5.688678370766262
769,0.28628626999935836,5.708690131200769,0.28628626999935836,5.708690131200769
770,0.2853567376315718,5.728674466259603,0.2853567376315718,5.728674466259603
771,0.2844343115013884,5.748630744013558,0.2844343115013884,5.748630744013558
772,0.2835189439195765,5.76855833232939,0.2835189439195765,5.76855833232939
773,0.28261058756390195,5.788456598903675,0.28261058756390195,5.788456598903675
774,0.2817091954776555,5.808324911296636,0.2817091954776555,5.808324911296636
775,0.2808147210681584,5.828162636965948,0.2808147210681584,5.828162636965948
776,0.27992711810524634,5.847969143300499,0.27992711810524634,5.847969143300499
777,0.2790463407197329,5.867743797654121,0.2790463407197329,5.867743797654121
778,0.2781723434018529,5.887485967379287,0.2781723434018529,5.887485967379287
779,0.27730508099968854,5.907195019860755,0.27730508099968854,5.907195019860755
780,0.2764445087175763,5.926870322549197,0.2764445087175763,5.926870322549197
781,0.27559058211449833,5.946511242994747,0.27559058211449833,5.946511242994747
782,0.2747432571024561,5.9661171488805405,0.2747432571024561,5.9661171488805405
783,0.2739024899448306,5.985687408056188,0.2739024899448306,5.985687408056188
784,0.27306823725472756,6.005221388571193,0.27306823725472756,6.005221388571193
785,0.27224045599330843,6.024718458708339,0.27224045599330843,6.024718458708339
786,0.2714191034681101,6.044177987017005,0.2714191034681101,6.044177987017005
787,0.2706041373313505,6.063599342346444,0.2706041373313505,6.063599342346444
788,0.26979551557822495,6.0829818938789755,0.26979551557822495,6.0829818938789755
789,0.26899319654519066,6.102325011163168,0.26899319654519066,6.102325011163168
790,0.2681971389082416,6.121628064146902,0.2681971389082416,6.121628064146902
791,0.2674073016811746,6.140890423210429,0.2674073016811746,6.140890423210429
792,0.2666236442138464,6.1601114591993245,0.2666236442138464,6.1601114591993245
793,0.2658461261904228,6.179290543457395,0.2658461261904228,6.179290543457395
794,0.2650747076276216,6.198427047859515,0.2650747076276216,6.198427047859515
795,0.2643093488729469,6.217520344844404,0.2643093488729469,6.217520344844404
796,0.26355001060291955,6.236569807447311,0.26355001060291955,6.236569807447311
797,0.2627966538213008,6.255574809332654,0.2627966538213008,6.255574809332654
798,0.2620492398573112,6.274534724826569,0.2620492398573112,6.274534724826569
799,0.26130773036384614,6.293448928949389,0.26130773036384614,6.293448928949389
800,0.26057208731568604,6.312316797448049,0.26057208731568604,6.312316797448049
801,0.2598422730077048,6.331137706828412,0.2598422730077048,6.331137706828412
802,0.2591182500530744,6.349911034387518,0.2591182500530744,6.349911034387518
803,0.2583999813814681,6.368636158245743,0.2583999813814681,6.368636158245743
804,0.2576874302372612,6.387312457378893,0.2576874302372612,6.387312457378893
805,0.2569805601777309,6.4059393116501955,0.2569805601777309,6.4059393116501955
806,0.25627933507125555,6.424516101842216,0.25627933507125555,6.424516101842216
807,0.2555837190955125,6.443042209688694,0.2555837190955125,6.443042209688694
808,0.2548936767356776,6.461517017906276,0.2548936767356776,6.461517017906276
809,0.2542091727826232,6.479939910226178,0.2542091727826232,6.479939910226178
810,0.25353017233111946,6.498310271425732,0.25353017233111946,6.498310271425732
811,0.25285664077803416,6.516627487359874,0.25285664077803416,6.516627487359874
812,0.25218854382053657,6.534890944992505,0.25218854382053657,6.534890944992505
813,0.2515258474543021,6.553100032427785,0.2515258474543021,6.553100032427785
814,0.25086851797171944,6.571254138941312,0.25086851797171944,6.571254138941312
815,0.25021652196010086,6.589352655011222,0.25021652196010086,6.589352655011222
816,0.24956982629989535,6.607394972349167,0.24956982629989535,6.607394972349167
817,0.248928398162905,6.625380483931217,0.248928398162905,6.625380483931217
818,0.24829220501050542,6.643308584028645,0.24829220501050542,6.643308584028645
819,0.24766121459187057,6.6611786682386285,0.24766121459187057,6.6611786682386285
820,0.24703539494220073,6.678990133514819,0.24703539494220073,6.678990133514819
821,0.24641471438095655,6.696742378197834,0.24641471438095655,6.696742378197834
822,0.2457991415100968,6.714434802045635,0.2457991415100968,6.714434802045635
823,0.24518864521232248,6.73206680626379,0.24518864521232248,6.73206680626379
824,0.24458319464932557,6.749637793535637,0.24458319464932557,6.749637793535637
825,0.24398275926004337,6.7671471680523485,0.24398275926004337,6.7671471680523485
826,0.24338730875892017,6.784594335542853,0.24338730875892017,6.784594335542853
827,0.2427968131341732,6.8019787033036865,0.2427968131341732,6.8019787033036865
828,0.2422112426460665,6.819299680228703,0.2422112426460665,6.819299680228703
829,0.24163056782519096,6.836556676838675,0.24163056782519096,6.836556676838675
830,0.24105475947075128,6.853749105310793,0.24105475947075128,6.853749105310793
831,0.2404837886488596,6.870876379508038,0.2404837886488596,6.870876379508038
832,0.23991762669083758,6.887937915008447,0.23991762669083758,6.887937915008447
833,0.23935624519152474,6.904933129134231,0.23935624519152474,6.904933129134231
834,0.2387996160075948,6.921861440980833,0.2387996160075948,6.921861440980833
835,0.2382477112558805,6.938722271445801,0.2382477112558805,6.938722271445801
836,0.23770050331170606,6.955515043257576,0.23770050331170606,6.955515043257576
837,0.23715796480722748,6.972239181004171,0.23715796480722748,6.972239181004171
838,0.23662006862978166,6.988894111161674,0.23662006862978166,6.988894111161674
839,0.23608678792024426,7.0054792621226945,0.23608678792024426,7.0054792621226945
840,0.23555809607139527,7.021994064224629,0.23555809607139527,7.021994064224629
841,0.23503396672629442,7.038437949777838,0.23503396672629442,7.038437949777838
842,0.23451437377666548,7.054810353093666,0.23451437377666548,7.054810353093666
843,0.23399929136128841,7.071110710512369,0.23399929136128841,7.071110710512369
844,0.23348869386440257,7.087338460430882,0.23348869386440257,7.087338460430882
845,0.23298255591411784,7.103493043330461,0.23298255591411784,7.103493043330461
846,0.23248085238083588,7.1195739018042214,0.23248085238083588,7.1195739018042214
847,0.23198355837568035,7.135580480584517,0.23198355837568035,7.135580480584517
848,0.23149064924893809,7.1515122265701825,0.23149064924893809,7.1515122265701825
849,0.23100210058850815,7.167368588853682,0.23100210058850815,7.167368588853682
850,0.23051788821836267,7.183149018748073,0.23051788821836267,7.183149018748073
851,0.23003798819701593,7.198852969813866,0.23003798819701593,7.198852969813866
852,0.2295623768160051,7.214479897885752,0.2295623768160051,7.214479897885752
853,0.22909103059837982,7.230029261099172,0.22909103059837982,7.230029261099172
854,0.22862392629720293,7.245500519916754,0.22862392629720293,7.245500519916754
855,0.2281610408940604,7.2608931371546355,0.2281610408940604,7.2608931371546355
856,0.22770235159758323,7.27620657800861,0.22770235159758323,7.27620657800861
857,0.22724783584197816,7.291440310080157,0.22724783584197816,7.291440310080157
858,0.22679747128556998,7.306593803402333,0.22679747128556998,7.306593803402333
859,0.22635123580935365,7.321666530465497,0.22635123580935365,7.321666530465497
860,0.22590910751555796,7.336657966242925,0.22590910751555796,7.336657966242925
861,0.2254710647262183,7.351567588216252,0.2254710647262183,7.351567588216252
862,0.22503708598176247,7.366394876400791,0.22503708598176247,7.366394876400791
863,0.2246071500396049,7.3811393133706975,0.2246071500396049,7.3811393133706975
864,0.22418123587275324,7.395800384283985,0.22418123587275324,7.395800384283985
865,0.223759322668425,7.4103775769074,0.223759322668425,7.4103775769074
866,0.22334138982667548,7.424870381641148,0.22334138982667548,7.424870381641148
867,0.22292741695903695,7.439278291543467,0.22292741695903695,7.439278291543467
868,0.22251738388716769,7.45360080235507,0.22251738388716769,7.45360080235507
869,0.22211127064151315,7.467837412523396,0.22211127064151315,7.467837412523396
870,0.22170905745997763,7.481987623226764,0.22170905745997763,7.481987623226764
871,0.22131072478660738,7.496050938398331,0.22131072478660738,7.496050938398331
872,0.22091625327028355,7.510026864749934,0.22091625327028355,7.510026864749934
873,0.2205256237634284,7.523914911795746,0.2205256237634284,7.523914911795746
874,0.22013881732072058,7.537714591875802,0.22013881732072058,7.537714591875802
875,0.21975581519782267,7.551425420179353,0.21975581519782267,7.551425420179353
876,0.21937659885011934,7.565046914768097,0.21937659885011934,7.565046914768097
877,0.21900114993146708,7.578578596599203,0.21900114993146708,7.578578596599203
878,0.2186294502929549,7.592019989548239,0.2186294502929549,7.592019989548239
879,0.21826148198167583,7.6053706204318825,0.21826148198167583,7.6053706204318825
880,0.21789722723951074,7.6186300190305225,0.21789722723951074,7.6186300190305225
881,0.2175366685019218,7.631797718110676,0.2175366685019218,7.631797718110676
882,0.21717978839675808,7.644873253447256,0.21717978839675808,7.644873253447256
883,0.21682656974307285,7.657856163845668,0.21682656974307285,7.657856163845668
884,0.21647699554995029,7.670745991163771,0.21647699554995029,7.670745991163771
885,0.21613104901534527,7.683542280333642,0.21613104901534527,7.683542280333642
886,0.21578871352493348,7.696244579383216,0.21578871352493348,7.696244579383216
887,0.2154499726509724,7.708852439457725,0.2154499726509724,7.708852439457725
888,0.21511481015117442,7.721365414841013,0.21511481015117442,7.721365414841013
889,0.21478320996758998,7.7337830629766575,0.21478320996758998,7.7337830629766575
890,0.21445515622550265,7.7461049444889465,0.21445515622550265,7.7461049444889465
891,0.2141306332323355,7.75833062320367,0.2141306332323355,7.75833062320367
892,0.21380962547656762,7.77045966616877,0.21380962547656762,7.77045966616877
893,0.21349211762666315,7.782491643674806,0.21349211762666315,7.782491643674806
894,0.21317809453001,7.794426129275259,0.21317809453001,7.794426129275259
895,0.21286754121187057,7.8062626998066715,0.21286754121187057,7.8062626998066715
896,0.21256044287434375,7.818000935408619,0.21256044287434375,7.818000935408619
897,0.212256784895337,7.829640419543507,0.212256784895337,7.829640419543507
898,0.2119565528275504,7.8411807390162025,0.2119565528275504,7.8411807390162025
899,0.2116597323974711,7.852621483993505,0.2116597323974711,7.852621483993505
900,0.21136630950437954,7.863962248023423,0.21136630950437954,7.863962248023423
901,0.21107627021936565,7.87520262805431,0.21107627021936565,7.87520262805431
902,0.2107896007843569,7.886342224453805,0.2107896007843569,7.886342224453805
903,0.210506287611157,7.897380641027612,0.210506287611157,7.897380641027612
904,0.21022631728049526,7.9083174850381095,0.21022631728049526,7.9083174850381095
905,0.20994967654108723,7.919152367222778,0.20994967654108723,7.919152367222778
906,0.2096763523087064,7.9298849018124535,0.2096763523087064,7.9298849018124535
907,0.20940633166526593,7.940514706549422,0.20940633166526593,7.940514706549422
908,0.20913960185791206,7.9510414027053224,0.20913960185791206,7.9510414027053224
909,0.2088761502981279,7.961464615098882,0.2088761502981279,7.961464615098882
910,0.20861596456084855,7.971783972113478,0.20861596456084855,7.971783972113478
911,0.20835903238358583,7.9819991057145145,0.20835903238358583,7.9819991057145145
912,0.20810534166556519,7.9921096514666266,0.20810534166556519,7.9921096514666266
913,0.2078548804668724,8.002115248550714,0.2078548804668724,8.002115248550714
914,0.2076076370076108,8.012015539780796,0.2076076370076108,8.012015539780796
915,0.20736359966707024,8.021810171620665,0.20736359966707024,8.021810171620665
916,0.20712275698290558,8.031498794200397,0.20712275698290558,8.031498794200397
917,0.20688509765032617,8.041081061332662,0.20688509765032617,8.041081061332662
918,0.2066506105212961,8.050556630528853,0.2066506105212961,8.050556630528853
919,0.2064192846037449,8.059925163015041,0.2064192846037449,8.059925163015041
920,0.20619110906078847,8.069186323747756,0.20619110906078847,8.069186323747756
921,0.20596607320996096,8.078339781429571,0.20596607320996096,8.078339781429571
922,0.20574416652245678,8.087385208524514,0.20574416652245678,8.087385208524514
923,0.20552537862238332,8.096322281273302,0.20552537862238332,8.096322281273302
924,0.20530969928602363,8.10515067970838,0.20530969928602363,8.10515067970838
925,0.20509711844111017,8.113870087668786,0.20509711844111017,8.113870087668786
926,0.2048876261661083,8.122480192814837,0.2048876261661083,8.122480192814837
927,0.20468121268951026,8.13098068664262,0.20468121268951026,8.13098068664262
928,0.2044778683891397,8.1393712644983,0.2044778683891397,8.1393712644983
929,0.20427758379146613,8.147651625592255,0.20427758379146613,8.147651625592255
930,0.20408034957092985,8.155821473013017,0.20408034957092985,8.155821473013017
931,0.2038861565492769,8.163880513741027,0.2038861565492769,8.163880513741027
932,0.2036949956949047,8.171828458662201,0.2036949956949047,8.171828458662201
933,0.20350685812221683,8.179665022581323,0.20350685812221683,8.179665022581323
934,0.20332173509098883,8.187389924235246,0.20332173509098883,8.187389924235246
935,0.2031396180057441,8.195002886305886,0.2031396180057441,8.195002886305886
936,0.20296049841513925,8.202503635433064,0.20296049841513925,8.202503635433064
937,0.2027843680113596,8.20989190222714,0.2027843680113596,8.20989190222714
938,0.2026112186295259,8.217167421281447,0.2026112186295259,8.217167421281447
939,0.20244104224710882,8.224329931184565,0.20244104224710882,8.224329931184565
940,0.20227383098335544,8.231379174532384,0.20227383098335544,8.231379174532384
941,0.20210957709872493,8.238314897939988,0.20210957709872493,8.238314897939988
942,0.20194827299433357,8.245136852053347,0.20194827299433357,8.245136852053347
943,0.20178991121141046,8.251844791560824,0.20178991121141046,8.251844791560824
944,0.20163448443076284,8.258438475204475,0.20163448443076284,8.258438475204475
945,0.20148198547225127,8.264917665791176,0.20148198547225127,8.264917665791176
946,0.20133240729427415,8.271282130203558,0.20133240729427415,8.271282130203558
947,0.20118574299326267,8.277531639410743,0.20118574299326267,8.277531639410743
948,0.20104198580318544,8.28366596847889,0.20104198580318544,8.28366596847889
949,0.2009011290950621,8.28968489658155,0.2009011290950621,8.28968489658155
950,0.20076316637648758,8.295588207009835,0.20076316637648758,8.295588207009835
951,0.20062809129116568,8.301375687182384,0.20062809129116568,8.301375687182384
952,0.20049589761845202,8.307047128655142,0.20049589761845202,8.307047128655142
953,0.20036657927290666,8.31260232713096,0.20036657927290666,8.31260232713096
954,0.20024013030385726,8.318041082468959,0.20024013030385726,8.318041082468959
955,0.20011654489497027,8.323363198693757,0.20011654489497027,8.323363198693757
956,0.19999581736383293,8.328568484004453,0.19999581736383293,8.328568484004453
957,0.19987794216154448,8.333656750783458,0.19987794216154448,8.333656750783458
958,0.19976291387231615,8.338627815605095,0.19976291387231615,8.338627815605095
959,0.1996507272130821,8.343481499244032,0.1996507272130821,8.343481499244032
960,0.1995413770331184,8.348217626683498,0.1995413770331184,8.348217626683498
961,0.19943485831367214,8.352836027123333,0.19943485831367214,8.352836027123333
962,0.1993311661676003,8.357336533987803,0.1993311661676003,8.357336533987803
963,0.19923029583901714,8.361718984933264,0.19923029583901714,8.361718984933264
964,0.19913224270295157,8.365983221855595,0.19913224270295157,8.365983221855595
965,0.1990370022650143,8.370129090897441,0.1990370022650143,8.370129090897441
966,0.198944570161073,8.37415644245529,0.198944570161073,8.37415644245529
967,0.19885494215693836,8.378065131186306,0.19885494215693836,8.378065131186306
968,0.19876811414805837,8.381855016015006,0.19876811414805837,8.381855016015006
969,0.19868408215922234,8.385525960139715,0.19868408215922234,8.385525960139715
970,0.1986028423442743,8.389077831038838,0.1986028423442743,8.389077831038838
971,0.19852439098583533,8.39251050047693,0.19852439098583533,8.39251050047693
972,0.19844872449503548,8.395823844510566,0.19844872449503548,8.395823844510566
973,0.19837583941125453,8.399017743494019,0.19837583941125453,8.399017743494019
974,0.19830573240187255,8.402092082084732,0.19830573240187255,8.402092082084732
975,0.1982384002620292,8.405046749248607,0.1982384002620292,8.405046749248607
976,0.19817383991439233,8.407881638265076,0.19817383991439233,8.407881638265076
977,0.19811204840893576,8.410596646731998,0.19811204840893576,8.410596646731998
978,0.19805302292272628,8.413191676570333,0.19805302292272628,8.413191676570333
979,0.1979967607597201,8.415666634028634,0.1979967607597201,8.415666634028634
980,0.19794325935056747,8.418021429687332,0.19794325935056747,8.418021429687332
981,0.19789251625242799,8.420255978462833,0.19789251625242799,8.420255978462833
982,0.19784452914879325,8.422370199611406,0.19784452914879325,8.422370199611406
983,0.19779929584932007,8.424364016732865,0.19779929584932007,8.424364016732865
984,0.19775681428967218,8.426237357774085,0.19775681428967218,8.426237357774085
985,0.1977170825313709,8.427990155032276,0.1977170825313709,8.427990155032276
986,0.19768009876165502,8.429622345158084,0.19768009876165502,8.429622345158084
987,0.19764586129335027,8.43113386915849,0.19764586129335027,8.43113386915849
988,0.1976143685647468,8.432524672399508,0.1976143685647468,8.432524672399508
989,0.19758561913948658,8.43379470460867,0.19758561913948658,8.43379470460867
990,0.19755961170645978,8.434943919877346,0.19755961170645978,8.434943919877346
991,0.19753634507970977,8.435972276662811,0.19753634507970977,8.435972276662811
992,0.19751581819834735,8.436879737790171,0.19751581819834735,8.436879737790171
993,0.19749803012647418,8.43766627045406,0.19749803012647418,8.43766627045406
994,0.1974829800531153,8.438331846220109,0.1974829800531153,8.438331846220109
995,0.19747066729216015,8.438876441026284,0.19747066729216015,8.438876441026284
996,0.1974610912823133,8.43930003518396,0.1974610912823133,8.43930003518396
997,0.19745425158705343,8.439602613378835,0.19745425158705343,8.439602613378835
998,0.1974501478946026,8.439784164671613,0.1974501478946026,8.439784164671613
999,0.19744878001790267,8.439844682498526,0.19744878001790267,8.439844682498526
