,Area/Area_cr,SubsonicOnly,Subsonic/Supersonic,Supersonic/Subsonic,SupersonicOnly
0,1.2928932188134525,0.5261398683264552,0.5261398683264552,2.833221305898759,2.833221305898759
1,1.290107977608667,0.5278006379463339,0.5278006379463339,2.821892959307662,2.821892959307662
2,1.2873337941175977,0.5294682265601929,0.5294682265601929,2.8105825889206844,2.8105825889206844
3,1.2845707115526288,0.5311426512959819,0.5311426512959819,2.79929026711804,2.79929026711804
4,1.2818187729532293,0.5328239291710701,0.5328239291710701,2.7880160657582196,2.7880160657582196
5,1.2790780211852835,0.5345120770899012,0.5345120770899012,2.7767600561791417,2.7767600561791417
6,1.2763484989404228,0.5362071118416307,0.5362071118416307,2.7655223091993526,2.7655223091993526
7,1.2736302487353606,0.5379090500977525,0.5379090500977525,2.7543028951192734,2.7543028951192734
8,1.2709233129112296,0.5396179084097071,0.5396179084097071,2.7431018837224936,2.7431018837224936
9,1.2682277336329233,0.54133370320648,0.54133370320648,2.7319193442771192,2.7319193442771192
10,1.2655435528884382,0.5430564507921809,0.5430564507921809,2.720755345537161,2.720755345537161
11,1.262870812488221,0.5447861673436133,0.5447861673436133,2.709609955743982,2.709609955743982
12,1.2602095540645157,0.5465228689078304,0.5465228689078304,2.6984832426277756,2.6984832426277756
13,1.257559819070717,0.548266571399675,0.548266571399675,2.6873752734091183,2.6873752734091183
14,1.2549216487807222,0.5500172905993091,0.5500172905993091,2.6762861148005412,2.6762861148005412
15,1.2522950842882907,0.5517750421497304,0.5517750421497304,2.6652158330081774,2.6652158330081774
16,1.2496801665064032,0.5535398415542743,0.5535398415542743,2.654164493733445,2.654164493733445
17,1.247076936166623,0.5553117041741079,0.5553117041741079,2.6431321621747763,2.6431321621747763
18,1.2444854338184632,0.5570906452257082,0.5570906452257082,2.6321189030294057,2.6321189030294057
19,1.2419056998287545,0.5588766797783301,0.5588766797783301,2.6211247804951974,2.6211247804951974
20,1.2393377743810166,0.560669822751465,0.560669822751465,2.6101498582725338,2.6101498582725338
21,1.2367816974748314,0.5624700889122857,0.5624700889122857,2.5991941995662384,2.5991941995662384
22,1.2342375089252218,0.5642774928730825,0.5642774928730825,2.588257867087563,2.588257867087563
23,1.2317052483620294,0.5660920490886884,0.5660920490886884,2.577340923056213,2.577340923056213
24,1.2291849552292984,0.5679137718538958,0.5679137718538958,2.5664434292024243,2.5664434292024243
25,1.2266766687846609,0.5697426753008609,0.5697426753008609,2.5555654467690956,2.5555654467690956
26,1.224180428098726,0.5715787733965011,0.5715787733965011,2.5447070365139663,2.5447070365139663
27,1.2216962720544702,0.5734220799398839,0.5734220799398839,2.5338682587118395,2.5338682587118395
28,1.219224239346632,0.5752726085596058,0.5752726085596058,2.5230491731568554,2.5230491731568554
29,1.2167643684811096,0.577130372711163,0.577130372711163,2.5122498391648276,2.5122498391648276
30,1.2143166977743611,0.578995385674317,0.578995385674317,2.5014703155756033,2.5014703155756033
31,1.2118812653528077,0.5808676605504494,0.5808676605504494,2.4907106607555,2.4907106607555
32,1.2094581091522385,0.582747210259913,0.582747210259913,2.479970932599765,2.479970932599765
33,1.2070472669172214,0.5846340475393741,0.5846340475393741,2.469251188535105,2.469251188535105
34,1.2046487762005145,0.5865281849391487,0.5865281849391487,2.4585514855222557,2.4585514855222557
35,1.2022626743624807,0.588429634820537,0.588429634820537,2.447871880058596,2.447871880058596
36,1.1998889985705063,0.590338409353146,0.590338409353146,2.43721242818082,2.43721242818082
37,1.197527785798422,0.5922545205122124,0.5922545205122124,2.426573185467649,2.426573185467649
38,1.1951790728259266,0.5941779800759193,0.5941779800759193,2.415954207042599,2.415954207042599
39,1.1928428962380146,0.5961087996227107,0.5961087996227107,2.4053555475767894,2.4053555475767894
40,1.190519292424406,0.5980469905285988,0.5980469905285988,2.3947772612918055,2.3947772612918055
41,1.1882082975789792,0.5999925639644715,0.5999925639644715,2.384219401962605,2.384219401962605
42,1.185909947699208,0.6019455308933964,0.6019455308933964,2.3736820229204723,2.3736820229204723
43,1.1836242785856008,0.6039059020679233,0.6039059020679233,2.363165177056024,2.363165177056024
44,1.1813513258411417,0.6058736880273821,0.6058736880273821,2.352668916822257,2.352668916822257
45,1.1790911248707374,0.6078488990951842,0.6078488990951842,2.342193294237645,2.342193294237645
46,1.176843710880665,0.6098315453761189,0.6098315453761189,2.3317383608892777,2.3317383608892777
47,1.1746091188780237,0.611821636753654,0.611821636753654,2.321304167936056,2.321304167936056
48,1.17238738367019,0.6138191828872283,0.6138191828872283,2.31089076611193,2.31089076611193
49,1.1701785398642741,0.6158241932095574,0.6158241932095574,2.300498205729164,2.300498205729164
50,1.167982621866583,0.617836676923927,0.617836676923927,2.2901265366816834,2.2901265366816834
51,1.1657996638820824,0.6198566430014995,0.6198566430014995,2.2797758084484316,2.2797758084484316
52,1.1636296999138656,0.6218841001786131,0.6218841001786131,2.269446070096792,2.269446070096792
53,1.1614727637626228,0.6239190569540903,0.6239190569540903,2.2591373702860493,2.2591373702860493
54,1.1593288890261144,0.6259615215865456,0.6259615215865456,2.2488497572708823,2.2488497572708823
55,1.1571981090986494,0.628011502091696,0.628011502091696,2.238583278904934,2.238583278904934
56,1.155080457170563,0.6300690062396794,0.6300690062396794,2.2283379826443785,2.2283379826443785
57,1.152975966227701,0.6321340415523711,0.6321340415523711,2.21811391555157,2.21811391555157
58,1.1508846690509058,0.6342066153007095,0.6342066153007095,2.207911124298711,2.207911124298711
59,1.1488065982155053,0.6362867345020233,0.6362867345020233,2.1977296551715764,2.1977296551715764
60,1.1467417860908058,0.638374405917367,0.638374405917367,2.1875695540732614,2.1875695540732614
61,1.1446902648395882,0.6404696360488575,0.6404696360488575,2.177430866527995,2.177430866527995
62,1.1426520664176056,0.6425724311370224,0.6425724311370224,2.1673136376849644,2.1673136376849644
63,1.140627222573088,0.6446827971581437,0.6446827971581437,2.15721791232221,2.15721791232221
64,1.1386157648462452,0.64680073982162,0.64680073982162,2.1471437348505304,2.1471437348505304
65,1.1366177245687767,0.6489262645673255,0.6489262645673255,2.13709114931745,2.13709114931745
66,1.1346331328633839,0.6510593765629767,0.6510593765629767,2.1270601994112064,2.1270601994112064
67,1.1326620206432854,0.6532000807015077,0.6532000807015077,2.117050928464795,2.117050928464795
68,1.130704418611734,0.6553483815984483,0.6553483815984483,2.1070633794600218,2.1070633794600218
69,1.1287603572615406,0.6575042835893089,0.6575042835893089,2.097097595031624,2.097097595031624
70,1.1268298668745969,0.6596677907269701,0.6596677907269701,2.087153617471405,2.087153617471405
71,1.1249129775214062,0.6618389067790745,0.6618389067790745,2.0772314887324144,2.0772314887324144
72,1.1230097190606134,0.6640176352254252,0.6640176352254252,2.0673312504331602,2.0673312504331602
73,1.1211201211385395,0.6662039792553889,0.6662039792553889,2.057452943861846,2.057452943861846
74,1.119244213188722,0.6683979417652922,0.6683979417652922,2.047596609980663,2.047596609980663
75,1.117382024431453,0.6705995253558307,0.6705995253558307,2.037762289430083,2.037762289430083
76,1.115533583873328,0.6728087323294646,0.6728087323294646,2.027950022533223,2.027950022533223
77,1.1136989203067915,0.675025577442125,0.675025577442125,2.0181598493002,2.0181598493002
78,1.111878062309688,0.677250038410753,0.677250038410753,2.00839180943254,2.00839180943254
79,1.1100710382448198,0.6794821280398681,0.6794821280398681,1.9986459423276253,1.9986459423276253
80,1.108277876259502,0.681721847435745,0.681721847435745,1.9889222870831365,1.9889222870831365
81,1.106498604285126,0.6839691973961896,0.6839691973961896,1.9792208825015623,1.9792208825015623
82,1.1047332500367237,0.6862241784082406,0.6862241784082406,1.969541767094711,1.969541767094711
83,1.1029818410125365,0.6884867906458964,0.6884867906458964,1.9598849790882633,1.9598849790882633
84,1.1012444044935856,0.6907570339678698,0.6907570339678698,1.9502505564263442,1.9502505564263442
85,1.0995209675432482,0.6930349079153643,0.6930349079153643,1.9406385367761214,1.9406385367761214
86,1.0978115570068363,0.6953204117098746,0.6953204117098746,1.931048957532441,1.931048957532441
87,1.0961161995111763,0.69761354425102,0.69761354425102,1.921481855822469,1.921481855822469
88,1.0944349214641977,0.6999143041143984,0.6999143041143984,1.9119372685103844,1.9119372685103844
89,1.0927677490545187,0.7022226895494718,0.7022226895494718,1.9024152322020706,1.9024152322020706
90,1.0911147082510393,0.704538698477483,0.704538698477483,1.892915783249846,1.892915783249846
91,1.0894758248025378,0.7068623284893946,0.7068623284893946,1.8834389577572261,1.8834389577572261
92,1.0878511242372682,0.7091935768438667,0.7091935768438667,1.8739847915836891,1.8739847915836891
93,1.0862406318625633,0.711532440465258,0.711532440465258,1.864553320349496,1.864553320349496
94,1.0846443727644406,0.7138789159416646,0.7138789159416646,1.855144579440507,1.855144579440507
95,1.0830623718072112,0.7162329995229879,0.7162329995229879,1.8457586040130485,1.8457586040130485
96,1.0814946536330927,0.7185946871190371,0.7185946871190371,1.8363954289987932,1.8363954289987932
97,1.0799412426618256,0.7209639742976632,0.7209639742976632,1.827055089109681,1.827055089109681
98,1.0784021630902916,0.7233408562829317,0.7233408562829317,1.817737618842852,1.817737618842852
99,1.0768774388921392,0.7257253279533272,0.7257253279533272,1.8084430524856412,1.8084430524856412
100,1.0753670938174078,0.7281173838399947,0.7281173838399947,1.7991714241205805,1.7991714241205805
101,1.0738711513921588,0.7305170181250196,0.7305170181250196,1.7899227676304543,1.7899227676304543
102,1.0723896349181095,0.7329242246397414,0.7329242246397414,1.7806971167033956,1.7806971167033956
103,1.0709225674722695,0.73533899686311,0.73533899686311,1.771494504838031,1.771494504838031
104,1.0694699719065814,0.7377613279200758,0.7377613279200758,1.7623149653486676,1.7623149653486676
105,1.0680318708475651,0.7401912105800247,0.7401912105800247,1.7531585313705518,1.7531585313705518
106,1.0666082866959652,0.7426286372552491,0.7426286372552491,1.7440252358651909,1.7440252358651909
107,1.0651992416264018,0.7450735999994609,0.7450735999994609,1.7349151116257446,1.7349151116257446
108,1.0638047575870253,0.7475260905063494,0.7475260905063494,1.7258281912825058,1.7258281912825058
109,1.062424856299175,0.7499861001081726,0.7499861001081726,1.7167645073084867,1.7167645073084867
110,1.06105955925704,0.7524536197744018,0.7524536197744018,1.7077240920251093,1.7077240920251093
111,1.0597088877273244,0.754928640110405,0.754928640110405,1.6987069776080224,1.6987069776080224
112,1.058372862748917,0.7574111513561713,0.7574111513561713,1.6897131960930858,1.6897131960930858
113,1.0570515051325629,0.7599011433850844,0.7599011433850844,1.6807427793825147,1.6807427793825147
114,1.0557448354605388,0.7623986057027412,0.7623986057027412,1.6717957592512245,1.6717957592512245
115,1.054452874086333,0.7649035274458164,0.7649035274458164,1.662872167353414,1.662872167353414
116,1.0531756411343287,0.767415897380967,0.767415897380967,1.653971937716595,1.653971937716595
117,1.0519131564994906,0.7699357039037958,0.7699357039037958,1.645095284436815,1.645095284436815
118,1.0506654398470532,0.7724629350378526,0.7724629350378526,1.636242152079268,1.636242152079268
119,1.049432510612217,0.7749975784336869,0.7749975784336869,1.62741257166724,1.62741257166724
120,1.0482143879998445,0.7775396213679515,0.7775396213679515,1.6186065741101823,1.6186065741101823
121,1.0470110909841608,0.7800890507425503,0.7800890507425503,1.6098241902081591,1.6098241902081591
122,1.0458226383084583,0.7826458530838417,0.7826458530838417,1.6010654506562567,1.6010654506562567
123,1.0446490484848052,0.7852100145418865,0.7852100145418865,1.5923303860489655,1.5923303860489655
124,1.0434903397937567,0.7877815208897446,0.7877815208897446,1.5836190268845187,1.5836190268845187
125,1.0423465302840704,0.7903603575228326,0.7903603575228326,1.574931403569193,1.574931403569193
126,1.0412176377724252,0.7929465094583168,0.7929465094583168,1.5662675464215587,1.5662675464215587
127,1.040103679843143,0.7955399613345715,0.7955399613345715,1.5576274856766976,1.5576274856766976
128,1.0390046738479164,0.7981406974106692,0.7981406974106692,1.5490112514903773,1.5490112514903773
129,1.0379206369055372,0.8007487015659421,0.8007487015659421,1.5404188739431564,1.5404188739431564
130,1.0368515859016296,0.8033639572995763,0.8033639572995763,1.5318503830444588,1.5318503830444588
131,1.0357975374883883,0.8059864477302545,0.8059864477302545,1.5233058087365916,1.5233058087365916
132,1.0347585080843178,0.8086161555958515,0.8086161555958515,1.5147851808987043,1.5147851808987043
133,1.0337345138739782,0.811253063253168,0.811253063253168,1.5062885293506938,1.5062885293506938
134,1.032725570807731,0.8138971526777024,0.8138971526777024,1.4978158838570452,1.4978158838570452
135,1.0317316946014927,0.8165484054634582,0.8165484054634582,1.4893672741306194,1.4893672741306194
136,1.030752900736489,0.8192068028227817,0.8192068028227817,1.4809427298363744,1.4809427298363744
137,1.0297892044590138,0.8218723255862114,0.8218723255862114,1.472542280595018,1.472542280595018
138,1.0288406207801912,0.8245449542023399,0.8245449542023399,1.4641659559865876,1.4641659559865876
139,1.0279071644757432,0.8272246687376639,0.8272246687376639,1.455813785553981,1.455813785553981
140,1.0269888500857571,0.829911448876402,0.829911448876402,1.4474857988063838,1.4474857988063838
141,1.0260856919144623,0.8326052739202495,0.8326052739202495,1.4391820252226548,1.4391820252226548
142,1.025197704030004,0.8353061227880422,0.8353061227880422,1.4309024942545985,1.4309024942545985
143,1.0243249002642263,0.8380139740152585,0.8380139740152585,1.422647235330195,1.422647235330195
144,1.0234672942124567,0.8407288057533071,0.8407288057533071,1.414416277856734,1.414416277856734
145,1.0226248992332927,0.8434505957685031,0.8434505957685031,1.4062096512238416,1.4062096512238416
146,1.0217977284483957,0.8461793214406012,0.8461793214406012,1.3980273848064761,1.3980273848064761
147,1.0209857947422853,0.8489149597607355,0.8489149597607355,1.3898695079677879,1.3898695079677879
148,1.0201891107621393,0.8516574873285281,0.8516574873285281,1.3817360500619158,1.3817360500619158
149,1.019407688917596,0.8544068803480761,0.8544068803480761,1.3736270404367075,1.3736270404367075
150,1.0186415413805614,0.8571631146224254,0.8571631146224254,1.365542508436316,1.365542508436316
151,1.0178906800850196,0.8599261655459767,0.8599261655459767,1.357482483403769,1.357482483403769
152,1.017155116726847,0.8626960080941156,0.8626960080941156,1.3494469946834098,1.3494469946834098
153,1.0164348627636302,0.8654726168090954,0.8654726168090954,1.3414360716232943,1.3414360716232943
154,1.0157299294144861,0.8682559657808692,0.8682559657808692,1.3334497435775152,1.3334497435775152
155,1.0150403276598894,0.8710460572983819,0.8710460572983819,1.3254880399085107,1.3254880399085107
156,1.0143660682415003,0.8738428164194818,0.8738428164194818,1.3175509899893405,1.3175509899893405
157,1.0137071616619973,0.8766462381100825,0.8766462381100825,1.3096386232060175,1.3096386232060175
158,1.0130636181849133,0.8794562953049626,0.8794562953049626,1.3017509689599291,1.3017509689599291
159,1.0124354478344761,0.8822729605728176,0.8822729605728176,1.2938880566704876,1.2938880566704876
160,1.0118226603954534,0.8850962061176207,0.8850962061176207,1.2860499157781513,1.2860499157781513
161,1.0112252654129974,0.8879260037800569,0.8879260037800569,1.2782365757480094,1.2782365757480094
162,1.0106432721924994,0.8907623250390087,0.8907623250390087,1.2704480660744113,1.2704480660744113
163,1.0100766897994429,0.8936051410130998,0.8936051410130998,1.2626844162870257,1.2626844162870257
164,1.0095255270592627,0.8964544224623002,0.8964544224623002,1.2549456559593095,1.2549456559593095
165,1.008989792557208,0.8993101397895744,0.8993101397895744,1.247231814720591,1.247231814720591
166,1.008469494638208,0.9021722630425969,0.9021722630425969,1.239542922273747,1.239542922273747
167,1.0079646414067422,0.9050407619154854,0.9050407619154854,1.2318790084215958,1.2318790084215958
168,1.0074752407267145,0.9079156057505898,0.9079156057505898,1.224240103106677,1.224240103106677
169,1.0070013002213303,0.9107967635402402,0.9107967635402402,1.2166262364719802,1.2166262364719802
170,1.0065428272729777,0.9136842039284759,0.9136842039284759,1.2090374389542244,1.2090374389542244
171,1.0060998290231122,0.9165778952125705,0.9165778952125705,1.2014737414283574,1.2014737414283574
172,1.005672312372147,0.9194778053441759,0.9194778053441759,1.1939351754327794,1.1939351754327794
173,1.005260283979343,0.9223839019296999,0.9223839019296999,1.186421773522369,1.186421773522369
174,1.004863750262708,0.9252961522290173,0.9252961522290173,1.178933569825599,1.178933569825599
175,1.004482717398894,0.9282145231510117,0.9282145231510117,1.1714704310429296,1.1714704310429296
176,1.004117191323103,0.9311389812427345,0.9311389812427345,1.164032650172085,1.164032650172085
177,1.0037671777289932,0.9340694926658805,0.9340694926658805,1.1566201441377288,1.1566201441377288
178,1.0034326820685915,0.9370060231480785,0.9370060231480785,1.1492329427562122,1.1492329427562122
179,1.0031137095522067,0.9399485378837454,0.9399485378837454,1.1418710758620625,1.1418710758620625
180,1.0028102651483515,0.9428970013334997,0.9428970013334997,1.1345345733069077,1.1345345733069077
181,1.0025223535836614,0.9458513768186145,0.9458513768186145,1.1272234649584982,1.1272234649584982
182,1.0022499793428237,0.9488116256984268,0.9488116256984268,1.119937780701038,1.119937780701038
183,1.0019931466685066,0.951777705694241,0.951777705694241,1.1126775504389756,1.1126775504389756
184,1.0017518595612938,0.9547496744228033,0.9547496744228033,1.1054428041115976,1.1054428041115976
185,1.0015261217796212,0.9577273614041021,0.9577273614041021,1.0982335717397649,1.0982335717397649
186,1.0013159368397189,0.9607107838249223,0.9607107838249223,1.091049883570507,1.091049883570507
187,1.0011213080155565,0.9636999047693465,0.9636999047693465,1.0838917705246576,1.0838917705246576
188,1.000942238338792,0.9666946870100571,0.9666946870100571,1.0767592656030374,1.0767592656030374
189,1.0007787305987244,0.9696950929801508,0.9696950929801508,1.0696524083961392,1.0696524083961392
190,1.0006307873422509,0.9727010846225498,0.9727010846225498,1.0625712598901444,1.0625712598901444
191,1.0004984108738262,0.9757126226136243,0.9757126226136243,1.0555159523271047,1.0555159523271047
192,1.0003816032554276,0.9787296622843399,0.9787296622843399,1.048485840935239,1.048485840935239
193,1.000280366306522,0.9817521314869162,0.9817521314869162,1.0414817951180588,1.0414817951180588
194,1.0001947016040384,0.9847801465013722,0.9847801465013722,1.0345035328970538,1.0345035328970538
195,1.0001246104823427,0.987813490955897,0.987813490955897,1.0275510966769015,1.0275510966769015
196,1.0000700940332172,0.9908521852004417,0.9908521852004417,1.020624747481278,1.020624747481278
197,1.0000311531058437,0.9938960107306584,0.9938960107306584,1.0137237377084818,1.0137237377084818
198,1.0000077883067897,0.9969454688949004,0.9969454688949004,1.0068495345984954,1.0068495345984954
199,1.0,0.9999367354724298,0.9999367354724298,1.000079887072831,1.000079887072831
200,1.0,0.9999367354724298,1.000079887072831,0.9999367354724298,1.000079887072831
201,1.0000077299312546,0.9969569273710212,1.0068237883082665,0.9969569273710212,1.0068237883082665
202,1.000030919605515,0.9939188834358846,1.013672015388054,0.9939188834358846,1.013672015388054
203,1.000069568664272,0.9908864435167065,1.0205468821865002,0.9908864435167065,1.0205468821865002
204,1.0001236765100163,0.9878590889668886,1.0274468769601384,0.9878590889668886,1.0274468769601384
205,1.0001932423062483,0.9848370433490821,1.0343727735073447,0.9848370433490821,1.0343727735073447
206,1.00027826497749,0.9818202835993207,1.0413243037043562,0.9818202835993207,1.0413243037043562
207,1.000378743209303,0.978809032373575,1.0483014249573477,0.978809032373575,1.0483014249573477
208,1.0004946754483073,0.975803167190125,1.0553041069590998,0.975803167190125,1.0553041069590998
209,1.0006260599022063,0.9728027609210759,1.0623324222616282,0.9728027609210759,1.0623324222616282
210,1.000772894539815,0.9698078580638566,1.0693860679568403,0.9698078580638566,1.0693860679568403
211,1.0009351770910897,0.9668184975798408,1.0764652327522144,0.9668184975798408,1.0764652327522144
212,1.0011129050471645,0.9638347171255547,1.083569854925196,0.9638347171255547,1.083569854925196
213,1.0013060756603898,0.9608565538624259,1.0906998948528395,0.9608565538624259,1.0906998948528395
214,1.0015146859443742,0.9578840446147795,1.0978553197420193,0.9578840446147795,1.0978553197420193
215,1.0017387326740317,0.9549172258997084,1.1050360989624317,0.9549172258997084,1.1050360989624317
216,1.0019782123856302,0.9519560778772324,1.1122422025863867,0.9519560778772324,1.1122422025863867
217,1.0022331213768467,0.9490007762092999,1.1194736009224655,0.9490007762092999,1.1194736009224655
218,1.0025034557068233,0.9460512590894612,1.1267302643642882,0.9460512590894612,1.1267302643642882
219,1.0027892111962282,0.9431075686475644,1.134012163341349,0.9431075686475644,1.134012163341349
220,1.0030903834273208,0.9401697432718295,1.1413192683036084,0.9401697432718295,1.1413192683036084
221,1.00340696774402,0.9372378193360911,1.148651549717317,0.9372378193360911,1.148651549717317
222,1.0037389592519754,0.9343118320494019,1.156008978064597,0.9343118320494019,1.156008978064597
223,1.0040863528186446,0.9313918158759266,1.1633915238443058,0.9313918158759266,1.1633915238443058
224,1.0044491430733702,0.9284778047431312,1.1707991575731231,0.9284778047431312,1.1707991575731231
225,1.004827324407465,0.9255698321449701,1.1782319670481647,0.9255698321449701,1.1782319670481647
226,1.005220890974298,0.9226679311927884,1.1856896494475846,0.9226679311927884,1.1856896494475846
227,1.005629836689383,0.9197721346400072,1.1931723446108216,0.9197721346400072,1.1931723446108216
228,1.0060541552304767,0.9168824748935884,1.2006800185973268,0.9168824748935884,1.2006800185973268
229,1.0064938400376722,0.9139989840189061,1.20821263908722,0.9139989840189061,1.20821263908722
230,1.0069488843135028,0.9111216937411855,1.2157701748083045,0.9111216937411855,1.2157701748083045
231,1.007419281023047,0.908250635445294,1.2233525951724442,0.908250635445294,1.2233525951724442
232,1.0079050228940356,0.9053858401746605,1.2309598700434148,0.9053858401746605,1.2309598700434148
233,1.0084061024169668,0.9025273386298044,1.2385919695878378,0.9025273386298044,1.2385919695878378
234,1.0089225118452199,0.8996751611666765,1.246248864178777,0.8996751611666765,1.246248864178777
235,1.0094542431951758,0.8968293377949101,1.2539305243330314,0.8968293377949101,1.2539305243330314
236,1.0100012882463414,0.8939898981761017,1.2616369206699591,0.8939898981761017,1.2616369206699591
237,1.010563638541475,0.8911568716220787,1.269368023884209,0.8911568716220787,1.269368023884209
238,1.0111412853867185,0.8883302870932195,1.2771238047274482,0.8883302870932195,1.2771238047274482
239,1.0117342198517312,0.8855101731968273,1.284904233995858,0.8855101731968273,1.284904233995858
240,1.0123424327698276,0.8826965581855546,1.2927092825214566,0.8826965581855546,1.2927092825214566
241,1.0129659147381198,0.8798894699558669,1.3005389211658274,0.8798894699558669,1.3005389211658274
242,1.0136046561176624,0.8770889360465827,1.3083931208154456,0.8770889360465827,1.3083931208154456
243,1.014258647033601,0.8742949836374686,1.3162718523779995,0.8742949836374686,1.3162718523779995
244,1.0149278773753263,0.8715076395478715,1.3241750867793798,0.8715076395478715,1.3241750867793798
245,1.0156123367966294,0.8687269075216413,1.332102794961034,0.8687269075216413,1.332102794961034
246,1.0163120147158615,0.8659528646069906,1.3400549478775399,0.8659528646069906,1.3400549478775399
247,1.017026900316098,0.863185506940491,1.348031516494328,0.863185506940491,1.348031516494328
248,1.0177569825453063,0.8604248602219063,1.356032471785442,0.8604248602219063,1.356032471785442
249,1.0185022501165153,0.8576709497014833,1.364057784731266,0.8576709497014833,1.364057784731266
250,1.0192626915079908,0.8549238001998248,1.3721074263162634,0.8549238001998248,1.3721074263162634
251,1.0200382949634133,0.8521834361225289,1.3801813675266332,0.8521834361225289,1.3801813675266332
252,1.0208290484920601,0.8494498814709758,1.3882795793479201,0.8494498814709758,1.3882795793479201
253,1.0216349398689903,0.8467231598502278,1.3964020327625184,0.8467231598502278,1.3964020327625184
254,1.022455956635234,0.8440032944747999,1.4045486987471367,0.8440032944747999,1.4045486987471367
255,1.0232920860979853,0.8412903081728544,1.4127195482701487,0.8412903081728544,1.4127195482701487
256,1.0241433153307973,0.838584223389237,1.4209145522888538,0.838584223389237,1.4209145522888538
257,1.025009631173783,0.8358850621876414,1.4291336817466953,0.8358850621876414,1.4291336817466953
258,1.0258910202338187,0.8331928462521565,1.4373769075703455,0.8331928462521565,1.4373769075703455
259,1.0267874688847511,0.8305075968883497,1.4456442006667445,0.8305075968883497,1.4456442006667445
260,1.0276989632676066,0.8278293350240302,1.4539355319200278,0.8278293350240302,1.4539355319200278
261,1.0286254892908078,0.8251580812097645,1.4622508721884109,0.8251580812097645,1.4622508721884109
262,1.0295670326303896,0.8224938556192507,1.470590192300954,0.8224938556192507,1.470590192300954
263,1.0305235787302216,0.8198366780495635,1.478953463054292,0.8198366780495635,1.478953463054292
264,1.0314951128022325,0.8171865679213551,1.4873406552092563,0.8171865679213551,1.4873406552092563
265,1.0324816198266393,0.8145435442789988,1.4957517394874478,0.8145435442789988,1.4957517394874478
266,1.0334830845521787,0.8119076257907325,1.5041866865677345,0.8119076257907325,1.5041866865677345
267,1.034499491496344,0.8092788307487977,1.512645467082678,0.8092788307487977,1.512645467082678
268,1.0355308249456234,0.8066571770695945,1.521128051614903,0.8066571770695945,1.521128051614903
269,1.0365770689557436,0.8040426822938692,1.5296344106933901,0.8040426822938692,1.5296344106933901
270,1.0376382073519164,0.8014353635869202,1.5381645147897345,0.8014353635869202,1.5381645147897345
271,1.0387142237290878,0.7988352377388529,1.5467183343143098,0.7988352377388529,1.5467183343143098
272,1.0398051014521923,0.7962423211648739,1.5552958396124013,0.7962423211648739,1.5552958396124013
273,1.0409108236564109,0.7936566299056169,1.5638970009602962,0.7936566299056169,1.5638970009602962
274,1.0420313732474298,0.7910781796275359,1.5725217885612743,0.7910781796275359,1.5725217885612743
275,1.0431667329017067,0.7885069856233249,1.5811701725416087,0.7885069856233249,1.5811701725416087
276,1.044316885066737,0.785943062812399,1.5898421229464645,0.785943062812399,1.5898421229464645
277,1.0454818119613272,0.7833864257414134,1.5985376097358002,0.7833864257414134,1.5985376097358002
278,1.0466614955758669,0.7808370885848488,1.6072566027801787,0.7808370885848488,1.6072566027801787
279,1.04785591767261,0.7782950651456216,1.6159990718565809,0.7782950651456216,1.6159990718565809
280,1.049065059785955,0.7757603688557682,1.6247649866441387,0.7757603688557682,1.6247649866441387
281,1.050288903222731,0.7732330127771597,1.6335543167198672,0.7732330127771597,1.6335543167198672
282,1.0515274290624868,0.7707130096022743,1.642367031554335,0.7707130096022743,1.642367031554335
283,1.0527806181577832,0.7682003716550175,1.6512031005073131,0.7682003716550175,1.6512031005073131
284,1.0540484511344892,0.7656951108915869,1.660062582705727,0.7656951108915869,1.660062582705727
285,1.0553309083920812,0.7631972389013894,1.6689452574868922,0.7631972389013894,1.6689452574868922
286,1.0566279701039463,0.7607067669080017,1.6778511949027881,0.7607067669080017,1.6778511949027881
287,1.0579396162176886,0.75822370577018,1.686780363691335,0.75822370577018,1.686780363691335
288,1.05926582645544,0.7557480659829126,1.6957327324736873,0.7557480659829126,1.6957327324736873
289,1.0606065803141722,0.7532798576785227,1.7047082697476954,0.7532798576785227,1.7047082697476954
290,1.061961857066015,0.7508190906278164,1.7137069438816006,0.7508190906278164,1.7137069438816006
291,1.063331635758576,0.7483657742412673,1.7227287231079431,0.7483657742412673,1.7227287231079431
292,1.064715895215265,0.7459199175702524,1.7317735755176442,0.7459199175702524,1.7317735755176442
293,1.0661146140356212,0.743481529308334,1.7408414690542389,0.743481529308334,1.7408414690542389
294,1.0675277705956443,0.7410506177925731,1.749932371508258,0.7410506177925731,1.749932371508258
295,1.0689553430481276,0.7386271910048984,1.7590462505116986,0.7386271910048984,1.7590462505116986
296,1.0703973093229973,0.7362112565735038,1.7681830735326263,0.7362112565735038,1.7681830735326263
297,1.0718536471276532,0.7338028217742972,1.7773428078698474,0.7338028217742972,1.7773428078698474
298,1.0733243339473133,0.7314018935323837,1.7865254206476593,0.7314018935323837,1.7865254206476593
299,1.0748093470453612,0.7290084784235912,1.795730878810675,0.7290084784235912,1.795730878810675
300,1.0763086634636987,0.726622582676031,1.8049591491187038,0.726622582676031,1.8049591491187038
301,1.0778222600231004,0.7242442121717008,1.8142101981416925,0.7242442121717008,1.8142101981416925
302,1.0793501133235712,0.721873372448125,1.8234839922546942,0.721873372448125,1.8234839922546942
303,1.0808921997447094,0.7195100687000258,1.8327804976329125,0.7195100687000258,1.8327804976329125
304,1.0824484954460707,0.7171543057810416,1.8420996802467524,0.7171543057810416,1.8420996802467524
305,1.0840189763675379,0.7148060882054675,1.8514415058569331,0.7148060882054675,1.8514415058569331
306,1.0856036182296913,0.7124654201500433,1.860805940009609,0.7124654201500433,1.860805940009609
307,1.0872023965341864,0.7101323054557656,1.8701929480315533,0.7101323054557656,1.8701929480315533
308,1.0888152865641296,0.7078067476297392,1.8796024950253323,0.7078067476297392,1.8796024950253323
309,1.0904422633844635,0.7054887498470597,1.8890345458645434,0.7054887498470597,1.8890345458645434
310,1.0920833018423495,0.7031783149527271,1.898489065189054,0.7031783149527271,1.898489065189054
311,1.093738376567559,0.7008754454635917,1.907966017400283,0.7008754454635917,1.907966017400283
312,1.0954074619728644,0.698580143570329,1.9174653666564971,0.698580143570329,1.9174653666564971
313,1.0970905322544349,0.6962924111394482,1.9269870768681365,0.6962924111394482,1.9269870768681365
314,1.0987875613922349,0.6940122497153268,1.9365311116931587,0.6940122497153268,1.9365311116931587
315,1.1004985231504276,0.6917396605222715,1.946097434532421,0.6917396605222715,1.946097434532421
316,1.1022233910777794,0.6894746444666142,1.955686008525073,0.6894746444666142,1.955686008525073
317,1.1039621385080691,0.6872172021388258,1.9652967965439803,0.6872172021388258,1.9652967965439803
318,1.105714738560501,0.6849673338156649,1.974929761191178,0.6849673338156649,1.974929761191178
319,1.1074811641401188,0.6827250394623474,1.984584864793328,0.6827250394623474,1.984584864793328
320,1.109261387938226,0.6804903187347382,1.9942620693972402,0.6804903187347382,1.9942620693972402
321,1.1110553824328075,0.6782631709815765,2.003961336765377,0.6782631709815765,2.003961336765377
322,1.112863119888955,0.6760435952467146,2.0136826283714186,0.6760435952467146,2.0136826283714186
323,1.114684572359296,0.6738315902713855,2.023425905395838,0.6738315902713855,2.023425905395838
324,1.1165197116844259,0.6716271437710075,2.0331911287215063,0.6716271437710075,2.0331911287215063
325,1.1183685094933427,0.6694302764785678,2.042978258929325,0.6694302764785678,2.042978258929325
326,1.1202309372038868,0.6672409742542942,2.0527872562938985,0.6672409742542942,2.0527872562938985
327,1.1221069660231815,0.6650592346653088,2.0626180807792176,0.6650592346653088,2.0626180807792176
328,1.1239965669480796,0.6628850549863035,2.072470692034394,0.6628850549863035,2.072470692034394
329,1.1258997107656106,0.6607184322020913,2.0823450493894047,0.6607184322020913,2.0823450493894047
330,1.1278163680534323,0.6585593630101527,2.0922411118508837,0.6585593630101527,2.0922411118508837
331,1.1297465091802872,0.6564078438231861,2.1021588380979392,0.6564078438231861,2.1021588380979392
332,1.131690104306458,0.6542638707716631,2.112098186478003,0.6542638707716631,2.112098186478003
333,1.133647123384232,0.6521274397063815,2.1220591150027177,0.6521274397063815,2.1220591150027177
334,1.1356175361583634,0.6499985462010265,2.1320415813438527,0.6499985462010265,2.1320415813438527
335,1.1376013121665407,0.6478771855547342,2.142045542829255,0.6478771855547342,2.142045542829255
336,1.1395984207398606,0.6457633527946622,2.1520709564388434,0.6457633527946622,2.1520709564388434
337,1.1416088310032988,0.6436570426785635,2.162117778800627,0.6436570426785635,2.162117778800627
338,1.1436325118761885,0.641558249697368,2.172185966186764,0.641558249697368,2.172185966186764
339,1.1456694320727023,0.6394669680777669,2.182275474509669,0.6394669680777669,2.182275474509669
340,1.147719560102334,0.6373831917848056,2.1923862593181336,0.6373831917848056,2.1923862593181336
341,1.1497828642703858,0.6353069145244823,2.2025182757935085,0.6353069145244823,2.2025182757935085
342,1.151859312678459,0.6332381297463487,2.2126714787459125,0.6332381297463487,2.2126714787459125
343,1.1539488732249472,0.6311768306461211,2.222845822610484,0.6311768306461211,2.222845822610484
344,1.156051513605531,0.6291230101682928,2.2330412614436663,0.6291230101682928,2.2330412614436663
345,1.1581672013136792,0.6270766610087538,2.243257748919543,0.6270766610087538,2.243257748919543
346,1.1602959036411513,0.6250377756174157,2.2534952383262095,0.6250377756174157,2.2534952383262095
347,1.1624375876785016,0.6230063462008364,2.263753682562177,0.6230063462008364,2.263753682562177
348,1.1645922203155896,0.6209823647248568,2.274033034132834,0.6209823647248568,2.274033034132834
349,1.1667597682420905,0.6189658229172351,2.2843332451469376,0.6189658229172351,2.2843332451469376
350,1.1689401979480118,0.616956712270285,2.2946542673131516,0.616956712270285,2.2946542673131516
351,1.1711334757242098,0.6149550240435209,2.3049960519366226,0.6149550240435209,2.3049960519366226
352,1.1733395676629117,0.6129607492663012,2.3153585499156146,0.6129607492663012,2.3153585499156146
353,1.1755584396582397,0.6109738787404752,2.3257417117381642,0.6109738787404752,2.3257417117381642
354,1.1777900574067375,0.6089944030430356,2.3361454874787912,0.6089944030430356,2.3361454874787912
355,1.1800343864079017,0.6070223125287648,2.346569826795265,0.6070223125287648,2.346569826795265
356,1.1822913919647142,0.6050575973328892,2.3570146789253874,0.6050575973328892,2.3570146789253874
357,1.1845610391841799,0.6031002473737279,2.3674799926838523,0.6031002473737279,2.3674799926838523
358,1.1868432929778645,0.601150252355348,2.3779657164591237,0.601150252355348,2.3779657164591237
359,1.1891381180624383,0.5992076017702135,2.3884717982103734,0.5992076017702135,2.3884717982103734
360,1.191445478960221,0.5972722849018356,2.3989981854644635,0.5972722849018356,2.3989981854644635
361,1.1937653399997301,0.5953442908274234,2.409544825312967,0.5953442908274234,2.409544825312967
362,1.1960976653162334,0.5934236084205288,2.4201116644092484,0.5934236084205288,2.4201116644092484
363,1.1984424188523017,0.5915102263536931,2.430698648965569,0.5915102263536931,2.430698648965569
364,1.200799564358368,0.5896041331010883,2.441305724750264,0.5896041331010883,2.441305724750264
365,1.2031690653932867,0.587705316941157,2.451932837084951,0.587705316941157,2.451932837084951
366,1.2055508853248975,0.5858137659592466,2.4625799308417813,0.5858137659592466,2.4625799308417813
367,1.207944987330592,0.5839294680502417,2.4732469504407564,0.5839294680502417,2.4732469504407564
368,1.2103513343978825,0.5820524109211904,2.4839338398470727,0.5820524109211904,2.4839338398470727
369,1.2127698893249734,0.580182582093928,2.4946405425685247,0.580182582093928,2.4946405425685247
370,1.215200614721339,0.5783199689076911,2.505367001652955,0.5783199689076911,2.505367001652955
371,1.2176434730082983,0.576464558521732,2.5161131596857436,0.576464558521732,2.5161131596857436
372,1.2200984264195984,0.5746163379179205,2.52687895878736,0.5746163379179205,2.52687895878736
373,1.2225654370019967,0.5727752939033462,2.5376643406109447,0.5727752939033462,2.5376643406109447
374,1.225044466615849,0.5709414131129067,2.5484692463399554,0.5709414131129067,2.5484692463399554
375,1.2275354769356983,0.5691146820118939,2.5592936166858498,0.5691146820118939,2.5592936166858498
376,1.2300384294508677,0.5672950868985701,2.570137391885825,0.5672950868985701,2.570137391885825
377,1.232553285466055,0.5654826139067379,2.5810005117005934,0.5654826139067379,2.5810005117005934
378,1.2350800061019322,0.5636772490082992,2.5918829154122216,0.5636772490082992,2.5918829154122216
379,1.2376185522957464,0.5618789780158069,2.6027845418220097,0.5618789780158069,2.6027845418220097
380,1.2401688848019212,0.5600877865850096,2.613705329248408,0.5600877865850096,2.613705329248408
381,1.2427309641926674,0.5583036602173813,2.6246452155250095,0.5583036602173813,2.6246452155250095
382,1.2453047508585902,0.5565265842626472,2.6356041379985617,0.5565265842626472,2.6356041379985617
383,1.2478902050093008,0.5547565439212973,2.646582033527042,0.5547565439212973,2.646582033527042
384,1.250487286674034,0.5529935242470866,2.6575788384777828,0.5529935242470866,2.6575788384777828
385,1.2530959557022643,0.5512375101495296,2.668594488725635,0.5512375101495296,2.668594488725635
386,1.2557161717643273,0.5494884863963808,2.679628919651188,0.5494884863963808,2.679628919651188
387,1.2583478943520423,0.5477464376161041,2.69068206613903,0.5477464376161041,2.69068206613903
388,1.260991082779341,0.5460113483003304,2.701753862576069,0.5460113483003304,2.701753862576069
389,1.2636456961828928,0.5442832028063055,2.7128442428498847,0.5442832028063055,2.7128442428498847
390,1.2663116935227396,0.5425619853593221,2.723953140347142,0.5425619853593221,2.723953140347142
391,1.2689890335829297,0.5408476800551423,2.7350804879520534,0.5408476800551423,2.7350804879520534
392,1.2716776749721534,0.5391402708624067,2.7462262180448676,0.5391402708624067,2.7462262180448676
393,1.2743775761243845,0.5374397416250302,2.757390262500436,0.5374397416250302,2.757390262500436
394,1.2770886952995224,0.535746076064583,2.7685725526868072,0.535746076064583,2.7685725526868072
395,1.2798109905840374,0.5340592577826627,2.77977301946387,0.5340592577826627,2.77977301946387
396,1.2825444198916187,0.5323792702632472,2.790991593182054,0.5323792702632472,2.790991593182054
397,1.285288940963825,0.5307060968750373,2.8022282036810657,0.5307060968750373,2.8022282036810657
398,1.2880445113707382,0.5290397208737837,2.8134827802886817,0.5290397208737837,2.8134827802886817
399,1.2908110885116182,0.5273801254046012,2.824755251819576,0.5273801254046012,2.824755251819576
400,1.2935886296155632,0.5257272935042655,2.8360455465742103,0.5257272935042655,2.8360455465742103
401,1.2963770917421693,0.524081208103499,2.8473535923377566,0.524081208103499,2.8473535923377566
402,1.2991764317821954,0.5224418520292373,2.8586793163790722,0.5224418520292373,2.8586793163790722
403,1.3019866064582297,0.5208092080068843,2.870022645449728,0.5208092080068843,2.870022645449728
404,1.3048075723253576,0.5191832586625513,2.8813835057830617,0.5191832586625513,2.8813835057830617
405,1.307639285771835,0.5175639865252779,2.892761823093306,0.5175639865252779,2.892761823093306
406,1.3104817030197617,0.5159513740292411,2.9041575225747396,0.5159513740292411,2.9041575225747396
407,1.3133347801257569,0.514345403515946,2.9155705289008855,0.514345403515946,2.9155705289008855
408,1.3161984729816414,0.5127460572364019,2.9270007662237743,0.5127460572364019,2.9270007662237743
409,1.3190727373151174,0.5111533173532804,2.938448158173229,0.5111533173532804,2.938448158173229
410,1.3219575286904535,0.5095671659430605,2.9499126278562064,0.5095671659430605,2.9499126278562064
411,1.3248528025091715,0.5079875849981547,2.9613940978561843,0.5079875849981547,2.9613940978561843
412,1.3277585140107362,0.5064145564290197,2.972892490232584,0.5064145564290197,2.972892490232584
413,1.3306746182732474,0.504848062066249,2.9844077265202533,0.504848062066249,2.9844077265202533
414,1.3336010702141343,0.5032880836626517,2.9959397277289748,0.5032880836626517,2.9959397277289748
415,1.336537824590852,0.5017346028953129,3.007488414343029,0.5017346028953129,3.007488414343029
416,1.3394848360015814,0.5001876013676351,3.0190537063208027,0.5001876013676351,3.0190537063208027
417,1.3424420588859318,0.49864706061136654,3.0306355230944333,0.49864706061136654,3.0306355230944333
418,1.3454094475256442,0.4971129620886098,3.042233783569502,0.4971129620886098,3.042233783569502
419,1.3483869560452972,0.49558528719381373,3.0538484061247635,0.49558528719381373,3.0538484061247635
420,1.3513745384130194,0.49406401725574883,3.0654793086119305,0.49406401725574883,3.0654793086119305
421,1.3543721484411977,0.4925491335394643,3.077126408355485,0.4925491335394643,3.077126408355485
422,1.3573797397871932,0.491040617248228,3.088789622152543,0.491040617248228,3.088789622152543
423,1.3603972659540575,0.4895384495254494,3.1004688662727626,0.4895384495254494,3.1004688662727626
424,1.3634246802912506,0.4880426114565852,3.112164056458275,0.4880426114565852,3.112164056458275
425,1.3664619359953636,0.4865530840710257,3.1238751079236886,0.4865530840710257,3.1238751079236886
426,1.3695089861108403,0.4850698483439654,3.1356019353561013,0.4850698483439654,3.1356019353561013
427,1.3725657835307052,0.4835928851982553,3.147344452915177,0.4835928851982553,3.147344452915177
428,1.3756322809972903,0.482122175506237,3.15910257423325,0.482122175506237,3.15910257423325
429,1.3787084311029667,0.48065770009156034,3.170876212415479,0.48065770009156034,3.170876212415479
430,1.3817941862908762,0.4791994397309812,3.1826652800400312,0.4791994397309812,3.1826652800400312
431,1.3848894988556686,0.47774737515614374,3.1944696891583138,0.47774737515614374,3.1944696891583138
432,1.3879943209442365,0.4763014870553439,3.206289351295241,0.4763014870553439,3.206289351295241
433,1.3911086045564574,0.47486175607527364,3.218124177449541,0.47486175607527364,3.218124177449541
434,1.394232301545935,0.4734281628227506,3.229974078094111,0.4734281628227506,3.229974078094111
435,1.3973653636207435,0.47200068786642674,3.2418389631763858,0.47200068786642674,3.2418389631763858
436,1.4005077423441739,0.4705793117384813,3.253718742118777,0.4705793117384813,3.253718742118777
437,1.403659389135483,0.4691640149362941,3.2656133238191267,0.4691640149362941,3.2656133238191267
438,1.4068202552706448,0.46775477792410325,3.2775226166512086,0.46775477792410325,3.2775226166512086
439,1.4099902918831035,0.46635158113464265,3.289446528465262,0.46635158113464265,3.289446528465262
440,1.4131694499645289,0.4649544049707633,3.3013849665885746,0.4649544049707633,3.3013849665885746
441,1.4163576803655742,0.4635632298070362,3.3133378378260843,0.4635632298070362,3.3133378378260843
442,1.4195549337966353,0.4621780359913382,3.3253050484610265,0.4621780359913382,3.3253050484610265
443,1.4227611608286148,0.46079880384641814,3.3372865042556312,0.46079880384641814,3.3372865042556312
444,1.4259763118936823,0.45942551367144885,3.3492821104518233,0.45942551367144885,3.3492821104518233
445,1.4292003372860456,0.45805814574355674,3.361291771771997,0.45805814574355674,3.361291771771997
446,1.4324331871627147,0.45669668031933836,3.3733153924197925,0.45669668031933836,3.3733153924197925
447,1.435674811544275,0.4553410976363564,3.385352876080932,0.4553410976363564,3.385352876080932
448,1.4389251603156596,0.4539913779146188,3.397404125924077,0.4539913779146188,3.397404125924077
449,1.442184183226923,0.452647501358041,3.4094690446017206,0.452647501358041,3.4094690446017206
450,1.4454518298940195,0.4513094481558902,3.4215475342511277,0.4513094481558902,3.4215475342511277
451,1.4487280497995805,0.44997719848421225,3.433639496495287,0.44997719848421225,3.433639496495287
452,1.4520127922936967,0.4486507325072409,3.4457448324439164,0.4486507325072409,3.4457448324439164
453,1.4553060065947014,0.4473300303787905,3.4578634426944914,0.4473300303787905,3.4578634426944914
454,1.4586076417899536,0.44601507224363074,3.4699952273333103,0.44601507224363074,3.4699952273333103
455,1.4619176468366273,0.4447058382388443,3.4821400859365874,0.4447058382388443,3.4821400859365874
456,1.4652359705624995,0.4434023084951679,3.4942979175715854,0.4434023084951679,3.4942979175715854
457,1.4685625616667422,0.44210446313831486,3.5064686207977815,0.44210446313831486,3.5064686207977815
458,1.4718973687207133,0.440812282290284,3.5186520936680448,0.440812282290284,3.5186520936680448
459,1.4752403401687553,0.43952574607064643,3.5308482337298837,0.43952574607064643,3.5308482337298837
460,1.4785914243289888,0.4382448345978208,3.5430569380266794,0.4382448345978208,3.5430569380266794
461,1.481950569394113,0.43696952799032773,3.555278103098986,0.43696952799032773,3.555278103098986
462,1.4853177234322077,0.43569980636803035,3.567511624985851,0.43569980636803035,3.567511624985851
463,1.488692834387534,0.4344356498533566,3.5797573992261515,0.4344356498533566,3.5797573992261515
464,1.4920758500813407,0.433177038572505,3.5920153208599785,0.433177038572505,3.5920153208599785
465,1.4954667182126706,0.43192395265663536,3.6042852844300484,0.43192395265663536,3.6042852844300484
466,1.498865386359168,0.4306763722430424,3.6165671839831326,0.4306763722430424,3.6165671839831326
467,1.5022718019778913,0.42943427747631113,3.6288609130715304,0.42943427747631113,3.6288609130715304
468,1.505685912406123,0.4281976485094602,3.6411663647545582,0.4281976485094602,3.6411663647545582
469,1.5091076648621855,0.4269664655050651,3.6534834316000806,0.4269664655050651,3.6534834316000806
470,1.5125370064462555,0.4257407086363686,3.665812005686056,0.4257407086363686,3.665812005686056
471,1.515973884141185,0.42452035808837163,3.6781519786021217,0.42452035808837163,3.6781519786021217
472,1.5194182448133162,0.42330539405891277,3.6905032414511965,0.42330539405891277,3.6905032414511965
473,1.522870035213307,0.4220957967597285,3.7028656848511194,0.4220957967597285,3.7028656848511194
474,1.526329201976953,0.42089154641749943,3.715239198936314,0.42089154641749943,3.715239198936314
475,1.529795691626011,0.41969262327488066,3.7276236733594716,0.41969262327488066,3.7276236733594716
476,1.5332694505690274,0.418499007591517,3.74001899729327,0.418499007591517,3.74001899729327
477,1.5367504251021673,0.41731067964504176,3.752425059432118,0.41731067964504176,3.752425059432118
478,1.5402385614100425,0.4161276197320628,3.764841747993917,0.4161276197320628,3.764841747993917
479,1.5437338055665455,0.4149498081691307,3.7772689507218637,0.4149498081691307,3.7772689507218637
480,1.5472361035356819,0.41377722529369343,3.7897065548862563,0.41377722529369343,3.7897065548862563
481,1.5507454011724071,0.41260985146503637,3.80215444728635,0.41260985146503637,3.80215444728635
482,1.5542616442234616,0.4114476670652065,3.8146125142522176,0.4114476670652065,3.8146125142522176
483,1.557784778328212,0.41029065249992247,3.8270806416466505,0.41029065249992247,3.8270806416466505
484,1.5613147490194885,0.409138788199471,3.839558714867069,0.409138788199471,3.839558714867069
485,1.5648515017244304,0.407992054619587,3.8520466188474654,0.407992054619587,3.8520466188474654
486,1.5683949817653267,0.4068504322423208,3.864544238060371,0.4068504322423208,3.864544238060371
487,1.5719451343604633,0.4057139015768906,3.8770514565188456,0.4057139015768906,3.8770514565188456
488,1.5755019046249692,0.4045824431605209,3.8895681577784873,0.4045824431605209,3.8895681577784873
489,1.579065237571665,0.4034560375592671,3.90209422493946,0.4034560375592671,3.90209422493946
490,1.5826350781119134,0.40233466536882606,3.914629540648567,0.40233466536882606,3.914629540648567
491,1.5862113710564705,0.40121830721533275,3.927173987101314,0.40121830721533275,3.927173987101314
492,1.5897940611163388,0.40010694375614325,3.939727446044019,0.40010694375614325,3.939727446044019
493,1.593383092903623,0.3990005556806053,3.9522897987759316,0.3990005556806053,3.9522897987759316
494,1.5969784109323848,0.397899123710813,3.964860926151384,0.397899123710813,3.964860926151384
495,1.6005799596195018,0.39680262860235105,3.9774407085819443,0.39680262860235105,3.9774407085819443
496,1.6041876832855269,0.395711051145024,3.990029026038619,0.395711051145024,3.990029026038619
497,1.6078015261555478,0.3946243721635728,4.002625758054047,0.3946243721635728,4.002625758054047
498,1.6114214323600504,0.39354257251837893,4.015230783724733,0.39354257251837893,4.015230783724733
499,1.615047345935783,0.3924656331061541,4.027843981713299,0.3924656331061541,4.027843981713299
500,1.6186792108266201,0.3913935348606203,4.040465230250745,0.3913935348606203,4.040465230250745
501,1.6223169708844298,0.39032625875317384,4.053094407138742,0.39032625875317384,4.053094407138742
502,1.625960569869942,0.3892637857935387,4.065731389751937,0.3892637857935387,4.065731389751937
503,1.6296099514536166,0.38820609703040826,4.078376055040276,0.38820609703040826,4.078376055040276
504,1.6332650592165168,0.38715317355207246,4.091028279531356,0.38715317355207246,4.091028279531356
505,1.636925836651179,0.38610499648703467,4.103688111300023,0.38610499648703467,4.103688111300023
506,1.6405922271624873,0.38506154700461664,4.116355076758995,0.38506154700461664,4.116355076758995
507,1.6442641740685482,0.38402280631555014,4.129029228669232,0.38402280631555014,4.129029228669232
508,1.647941620601568,0.38298875567255786,4.141710441886644,0.38298875567255786,4.141710441886644
509,1.6516245099087283,0.38195937637092253,4.154398590857004,0.38195937637092253,4.154398590857004
510,1.6553127850530671,0.3809346497490454,4.167093549618395,0.3809346497490454,4.167093549618395
511,1.6590063890143578,0.3799145571889901,4.1797951918036755,0.3799145571889901,4.1797951918036755
512,1.662705264689991,0.3788990801170194,4.192503390642959,0.3788990801170194,4.192503390642959
513,1.666409354895857,0.3778882000041186,4.2052180189661,0.3778882000041186,4.2052180189661
514,1.6701186023672308,0.3768818983665073,4.217938949205223,0.3768818983665073,4.217938949205223
515,1.6738329497596567,0.3758801567661413,4.230666053397241,0.3758801567661413,4.230666053397241
516,1.677552339649834,0.374882956811204,4.243399203186401,0.374882956811204,4.243399203186401
517,1.6812767145365068,0.37389028015658554,4.256138269826856,0.37389028015658554,4.256138269826856
518,1.6850060168413517,0.37290210850435307,4.268883124185233,0.37290210850435307,4.268883124185233
519,1.6887401889098672,0.3719184236042095,4.281633636743227,0.3719184236042095,4.281633636743227
520,1.692479173012267,0.3709392072539421,4.294389677600214,0.3709392072539421,4.294389677600214
521,1.6962229113443708,0.3699644412998605,4.307151116475867,0.3699644412998605,4.307151116475867
522,1.6999713460284989,0.368994107637226,4.319917822712804,0.368994107637226,4.319917822712804
523,1.7037244191143661,0.3680281882106684,4.332689665279233,0.3680281882106684,4.332689665279233
524,1.7074820725799786,0.36706666501459606,4.345466512771618,0.36706666501459606,4.345466512771618
525,1.7112442483325305,0.3661095200935927,4.358248233417368,0.3661095200935927,4.358248233417368
526,1.7150108882093023,0.3651567355428073,4.371034695077526,0.3651567355428073,4.371034695077526
527,1.7187819339785588,0.3642082935083333,4.383825765249475,0.3642082935083333,4.383825765249475
528,1.7225573273404509,0.3632641761875782,4.3966213110696675,0.3632641761875782,4.3966213110696675
529,1.7263370099279172,0.36232436582962413,4.409421199316361,0.36232436582962413,4.409421199316361
530,1.7301209233075836,0.36138884473557953,4.4222252964123525,0.36138884473557953,4.4222252964123525
531,1.7339090089806697,0.3604575952589207,4.435033468427755,0.3604575952589207,4.435033468427755
532,1.737701208383892,0.35953059980582514,4.447845581082769,0.35953059980582514,4.447845581082769
533,1.7414974628903692,0.3586078408354961,4.460661499750459,0.3586078408354961,4.460661499750459
534,1.7452977138105281,0.3576893008604777,4.4734810894595585,0.3576893008604777,4.4734810894595585
535,1.7491019023930126,0.3567749624469617,4.486304214897284,0.3567749624469617,4.486304214897284
536,1.7529099698255903,0.35586480821508626,4.4991307404121486,0.35586480821508626,4.4991307404121486
537,1.7567218572360612,0.3549588208392249,4.511960530016798,0.3549588208392249,4.511960530016798
538,1.7605375056931714,0.35405698304826827,4.5247934473908575,0.35405698304826827,4.5247934473908575
539,1.7643568562075194,0.35315927762589727,4.537629355883786,0.35315927762589727,4.537629355883786
540,1.7681798497324717,0.3522656874108482,4.550468118517742,0.3522656874108482,4.550468118517742
541,1.772006427165074,0.3513761952971689,4.563309597990464,0.3513761952971689,4.563309597990464
542,1.7758365293469656,0.3504907842344687,4.576153656678156,0.3504907842344687,4.576153656678156
543,1.779670097065293,0.34960943722815924,4.589000156638384,0.34960943722815924,4.589000156638384
544,1.7835070710536265,0.34873213733968766,4.6018489596129895,0.34873213733968766,4.6018489596129895
545,1.7873473919928757,0.34785886768676233,4.614699927031002,0.34785886768676233,4.614699927031002
546,1.7911910005122071,0.3469896114435714,4.627552920011578,0.3469896114435714,4.627552920011578
547,1.7950378371899611,0.34612435184099377,4.640407799366919,0.34612435184099377,4.640407799366919
548,1.7988878425545718,0.34526307216680185,4.653264425605243,0.34526307216680185,4.653264425605243
549,1.8027409570854858,0.3444057557658586,4.666122658933722,0.3444057557658586,4.666122658933722
550,1.8065971212140817,0.34355238604030636,4.678982359261455,0.34355238604030636,4.678982359261455
551,1.8104562753245927,0.3427029464497484,4.691843386202444,0.3427029464497484,4.691843386202444
552,1.8143183597550268,0.34185742051142504,4.704705599078572,0.34185742051142504,4.704705599078572
553,1.8181833147980893,0.34101579180038144,4.717568856922597,0.34101579180038144,4.717568856922597
554,1.822051080702107,0.3401780439496287,4.730433018481155,0.3401780439496287,4.730433018481155
555,1.825921597671951,0.3393441606502997,4.743297942217763,0.3393441606502997,4.743297942217763
556,1.8297948058699605,0.33851412565179706,4.756163486315832,0.33851412565179706,4.756163486315832
557,1.83367064541687,0.3376879227619342,4.7690295086817045,0.3376879227619342,4.7690295086817045
558,1.8375490563927326,0.33686553584707246,4.781895866947669,0.33686553584707246,4.781895866947669
559,1.8414299788378474,0.33604694883224895,4.794762418475009,0.33604694883224895,4.794762418475009
560,1.845313352753688,0.3352321457013003,4.807629020357049,0.3352321457013003,4.807629020357049
561,1.849199118103827,0.3344211104969789,4.820495529422203,0.3344211104969789,4.820495529422203
562,1.853087214814866,0.3336138273210651,4.833361802237038,0.3336138273210651,4.833361802237038
563,1.8569775827773651,0.3328102803344707,4.846227695109338,0.3328102803344707,4.846227695109338
564,1.8608701618467705,0.33201045375733923,4.859093064091186,0.33201045375733923,4.859093064091186
565,1.8647648918443442,0.3312143318691389,4.8719577649820325,0.3312143318691389,4.8719577649820325
566,1.8686617125580969,0.33042189900875024,4.884821653331793,0.33042189900875024,4.884821653331793
567,1.8725605637437155,0.3296331395745488,4.897684584443929,0.3296331395745488,4.897684584443929
568,1.8764613851254965,0.32884803802448165,4.910546413378557,0.32884803802448165,4.910546413378557
569,1.8803641163972786,0.32806657887613805,4.923406994955555,0.32806657887613805,4.923406994955555
570,1.8842686972233722,0.3272887467068164,4.936266183757659,0.3272887467068164,4.936266183757659
571,1.8881750672394948,0.32651452615358445,4.949123834133591,0.32651452615358445,4.949123834133591
572,1.892083166053703,0.3257439019133349,4.961979800201179,0.3257439019133349,4.961979800201179
573,1.8959929332473264,0.3249768587428361,4.974833935850478,0.3249768587428361,4.974833935850478
574,1.8999043083759015,0.32421338145877726,4.987686094746907,0.32421338145877726,4.987686094746907
575,1.9038172309701074,0.32345345493780936,5.000536130334389,0.32345345493780936,5.000536130334389
576,1.907731640536698,0.3226970641165807,5.013383895838479,0.3226970641165807,5.013383895838479
577,1.9116474765594398,0.3219441939917679,5.026229244269527,0.3219441939917679,5.026229244269527
578,1.9155646785000466,0.32119482962010226,5.039072028425819,0.32119482962010226,5.039072028425819
579,1.9194831857991148,0.3204489561183915,5.051912100896736,0.3204489561183915,5.051912100896736
580,1.9234029378770598,0.3197065586635371,5.064749314065908,0.3197065586635371,5.064749314065908
581,1.927323874135054,0.31896762249254657,5.0775835201143895,0.31896762249254657,5.0775835201143895
582,1.931245933955962,0.3182321329025418,5.090414571023814,0.3182321329025418,5.090414571023814
583,1.9351690567052777,0.31750007525076385,5.1032423185795786,0.31750007525076385,5.1032423185795786
584,1.9390931817320636,0.3167714349545718,5.116066614374009,0.3167714349545718,5.116066614374009
585,1.9430182483698855,0.31604619749143886,5.128887309809541,0.31604619749143886,5.128887309809541
586,1.946944195937753,0.31532434839894413,5.141704256101909,0.31532434839894413,5.141704256101909
587,1.9508709637410566,0.3146058686419167,5.154517304283327,0.3146058686419167,5.154517304283327
588,1.9547984910725063,0.31389075328360344,5.167326305205679,0.31389075328360344,5.167326305205679
589,1.958726717213069,0.31317898326459764,5.180131109543709,0.31317898326459764,5.180131109543709
590,1.9626555814329087,0.31247054436289434,5.1929315677982215,0.31247054436289434,5.1929315677982215
591,1.9665850229923256,0.3117654224164866,5.205727530299279,0.3117654224164866,5.205727530299279
592,1.970514981142692,0.31106360332333505,5.21851884720939,0.31106360332333505,5.21851884720939
593,1.9744453951273966,0.31036507304133215,5.231305368526741,0.31036507304133215,5.231305368526741
594,1.9783762041827788,0.3096698175882641,5.244086944088371,0.3096698175882641,5.244086944088371
595,1.9823073475390711,0.30897782304176896,5.256863423573399,0.30897782304176896,5.256863423573399
596,1.9862387644213382,0.3082890755392904,5.2696346565062315,0.3082890755392904,5.2696346565062315
597,1.9901703940504152,0.30760356127802974,5.282400492259774,0.30760356127802974,5.282400492259774
598,1.9941021756438486,0.3069212665148934,5.295160780058643,0.3069212665148934,5.295160780058643
599,1.998034048416836,0.30624217756643723,5.307915368982389,0.30624217756643723,5.307915368982389
600,2.001965951583164,0.30556628080880877,5.320664107968707,0.30556628080880877,5.320664107968707
601,2.005897824356151,0.30489356267768447,5.333406845816668,0.30489356267768447,5.333406845816668
602,2.0098296059495846,0.3042240096682058,5.346143431189933,0.3042240096682058,5.346143431189933
603,2.013761235578662,0.3035576083349108,5.358873712619982,0.3035576083349108,5.358873712619982
604,2.0176926524609287,0.3028943452916645,5.371597538509321,0.3028943452916645,5.371597538509321
605,2.0216237958172214,0.3022342072115835,5.3843147571347405,0.3022342072115835,5.3843147571347405
606,2.025554604872603,0.3015771808269617,5.39702521665051,0.3015771808269617,5.39702521665051
607,2.0294850188573075,0.3009232529291891,5.40972876509163,0.3009232529291891,5.40972876509163
608,2.0334149770076744,0.3002724103686709,5.422425250377051,0.3002724103686709,5.422425250377051
609,2.0373444185670913,0.29962464005474304,5.4351145203129,0.29962464005474304,5.4351145203129
610,2.041273282786931,0.29897992895558473,5.447796422595714,0.29897992895558473,5.447796422595714
611,2.0452015089274935,0.2983382640981285,5.46047080481568,0.2983382640981285,5.46047080481568
612,2.0491290362589436,0.29769963256796816,5.473137514459856,0.29769963256796816,5.473137514459856
613,2.053055804062247,0.29706402150926403,5.485796398915405,0.29706402150926403,5.485796398915405
614,2.0569817516301145,0.29643141812464574,5.498447305472833,0.29643141812464574,5.498447305472833
615,2.060906818267936,0.295801809675113,5.511090081329217,0.295801809675113,5.511090081329217
616,2.064830943294722,0.2951751834799335,5.523724573591443,0.2951751834799335,5.523724573591443
617,2.068754066044038,0.2945515269165392,5.536350629279429,0.2945515269165392,5.536350629279429
618,2.0726761258649455,0.29393082742042,5.54896809532937,0.29393082742042,5.54896809532937
619,2.07659706212294,0.293313072485015,5.561576818596962,0.293313072485015,5.561576818596962
620,2.080516814200885,0.29269824966160285,5.574176645860641,0.29269824966160285,5.574176645860641
621,2.0844353214999534,0.29208634655918814,5.586767423824808,0.29208634655918814,5.586767423824808
622,2.0883525234405598,0.29147735084438786,5.599348999123068,0.29147735084438786,5.599348999123068
623,2.092268359463302,0.29087125024131405,5.61192121832146,0.29087125024131405,5.61192121832146
624,2.096182769029893,0.29026803253145617,5.624483927921678,0.29026803253145617,5.624483927921678
625,2.1000956916240985,0.28966768555355976,5.637036974364314,0.28966768555355976,5.637036974364314
626,2.104007066752674,0.2890701972035055,5.649580204032081,0.2890701972035055,5.649580204032081
627,2.107916833946297,0.28847555543418396,5.662113463253041,0.28847555543418396,5.662113463253041
628,2.111824932760505,0.2878837482553711,5.674636598303836,0.2878837482553711,5.674636598303836
629,2.115731302776628,0.2872947637335999,5.687149455412904,0.2872947637335999,5.687149455412904
630,2.1196358836027214,0.2867085899920323,5.6996518807637155,0.2867085899920323,5.6996518807637155
631,2.1235386148745032,0.28612521521032735,5.712143720497995,0.28612521521032735,5.712143720497995
632,2.1274394362562843,0.2855446276245101,5.724624820718937,0.2855446276245101,5.724624820718937
633,2.131338287441903,0.2849668155268366,5.737095027494434,0.2849668155268366,5.737095027494434
634,2.1352351081556558,0.2843917672656602,5.749554186860293,0.2843917672656602,5.749554186860293
635,2.1391298381532295,0.28381947124529305,5.7620021448234535,0.28381947124529305,5.7620021448234535
636,2.143022417222635,0.2832499159258688,5.774438747365204,0.2832499159258688,5.774438747365204
637,2.1469127851851337,0.2826830898232033,5.786863840444396,0.2826830898232033,5.786863840444396
638,2.1508008818961732,0.2821189815086527,5.799277270000662,0.2821189815086527,5.799277270000662
639,2.154686647246312,0.28155757960897265,5.811678881957615,0.28155757960897265,5.811678881957615
640,2.1585700211621526,0.28099887280617314,5.8240685222260735,0.28099887280617314,5.8240685222260735
641,2.162450943607267,0.28044284983737466,5.836446036707251,0.28044284983737466,5.836446036707251
642,2.16632935458313,0.27988949949466224,5.848811271295977,0.27988949949466224,5.848811271295977
643,2.1702051941300393,0.2793388106249385,5.861164071883886,0.2793388106249385,5.861164071883886
644,2.174078402328049,0.27879077212977443,5.8735042843626255,0.27879077212977443,5.8735042843626255
645,2.177948919297893,0.27824537296526114,5.885831754627057,0.27824537296526114,5.885831754627057
646,2.1818166852019107,0.27770260214185866,5.898146328578439,0.27770260214185866,5.898146328578439
647,2.1856816402449732,0.2771624487242447,5.910447852127634,0.2771624487242447,5.910447852127634
648,2.1895437246754073,0.2766249018311624,5.922736171198292,0.2766249018311624,5.922736171198292
649,2.1934028787859186,0.27608995063526653,5.93501113173004,0.27608995063526653,5.93501113173004
650,2.1972590429145145,0.2755575843629692,5.947272579681662,0.2755575843629692,5.947272579681662
651,2.201112157445428,0.2750277922942847,5.959520361034291,0.2750277922942847,5.959520361034291
652,2.2049621628100393,0.2745005637626729,5.9717543217945845,0.2745005637626729,5.9717543217945845
653,2.208808999487793,0.2739758881548828,5.983974307997894,0.2739758881548828,5.983974307997894
654,2.2126526080071245,0.2734537549107943,5.996180165711454,0.2734537549107943,5.996180165711454
655,2.2164929289463733,0.27293415352325945,6.008371741037535,0.27293415352325945,6.008371741037535
656,2.220329902934707,0.2724170735379434,6.020548880116625,0.2724170735379434,6.020548880116625
657,2.2241634706530347,0.27190250455316384,6.032711429130585,0.27190250455316384,6.032711429130585
658,2.227993572834926,0.27139043621973064,6.044859234305815,0.27139043621973064,6.044859234305815
659,2.231820150267528,0.2708808582407838,6.056992141916409,0.2708808582407838,6.056992141916409
660,2.2356431437924806,0.27037376037163147,6.069109998287311,0.27037376037163147,6.069109998287311
661,2.239462494306829,0.2698691324195874,6.081212649797464,0.2698691324195874,6.081212649797464
662,2.2432781427639386,0.26936696424380685,6.0932999428829575,0.26936696424380685,6.0932999428829575
663,2.2470900301744097,0.26886724575512366,6.105371724040176,0.26886724575512366,6.105371724040176
664,2.2508980976069877,0.2683699669158844,6.117427839828934,0.2683699669158844,6.117427839828934
665,2.2547022861894717,0.2678751177397846,6.129468136875605,0.2678751177397846,6.129468136875605
666,2.258502537109631,0.2673826882917021,6.141492461876277,0.2673826882917021,6.141492461876277
667,2.2622987916161077,0.266892668687532,6.153500661599853,0.266892668687532,6.153500661599853
668,2.2660909910193303,0.26640504909401885,6.165492582891202,0.26640504909401885,6.165492582891202
669,2.2698790766924164,0.2659198197285913,6.177468072674258,0.2659198197285913,6.177468072674258
670,2.273662990072083,0.2654369708591938,6.189426977955147,0.2654369708591938,6.189426977955147
671,2.2774426726595487,0.2649564928041192,6.2013691458253035,0.2649564928041192,6.2013691458253035
672,2.281218066021441,0.2644783759318401,6.2132944234645775,0.2644783759318401,6.2132944234645775
673,2.284989111790698,0.26400261066084135,6.225202658144324,0.26400261066084135,6.225202658144324
674,2.2887557516674693,0.2635291874594512,6.237093697230528,0.2635291874594512,6.237093697230528
675,2.2925179274200214,0.26305809684567116,6.24896738818688,0.26305809684567116,6.24896738818688
676,2.296275580885634,0.26258932938700813,6.260823578577878,0.26258932938700813,6.260823578577878
677,2.300028653971501,0.26212287570030424,6.272662116071914,0.26212287570030424,6.272662116071914
678,2.3037770886556292,0.2616587264515667,6.284482848444349,0.2616587264515667,6.284482848444349
679,2.3075208269877328,0.2611968723557984,6.296285623580601,0.2611968723557984,6.296285623580601
680,2.3112598110901326,0.26073730417682756,6.3080702894792084,0.26073730417682756,6.3080702894792084
681,2.314993983158648,0.260280012727137,6.319836694254911,0.260280012727137,6.319836694254911
682,2.318723285463493,0.259824988867694,6.331584686141704,0.259824988867694,6.331584686141704
683,2.322447660350166,0.2593722235077796,6.3433141134958975,0.2593722235077796,6.3433141134958975
684,2.3261670502403433,0.2589217076048176,6.355024824799178,0.2589217076048176,6.355024824799178
685,2.3298813976327692,0.25847343216420343,6.366716668661653,0.25847343216420343,6.366716668661653
686,2.333590645104143,0.2580273882391341,6.378389493824898,0.2580273882391341,6.378389493824898
687,2.3372947353100093,0.2575835669304362,6.390043149164987,0.2575835669304362,6.390043149164987
688,2.340993610985642,0.2571419593863953,6.401677483695548,0.2571419593863953,6.401677483695548
689,2.344687214946933,0.2567025568025842,6.413292346570766,0.2567025568025842,6.413292346570766
690,2.3483754900912714,0.2562653504216928,6.424887587088431,0.2562653504216928,6.424887587088431
691,2.352058379398432,0.255830331533356,6.436463054692944,0.255830331533356,6.436463054692944
692,2.355735825931452,0.25539749147398294,6.448018598978333,0.25539749147398294,6.448018598978333
693,2.3594077728375127,0.254966821626586,6.4595540696912614,0.254966821626586,6.4595540696912614
694,2.3630741633488213,0.25453831342060945,6.4710693167340425,0.25453831342060945,6.4710693167340425
695,2.3667349407834832,0.2541119583317584,6.482564190167611,0.2541119583317584,6.482564190167611
696,2.3703900485463834,0.2536877478818283,6.494038540214549,0.2536877478818283,6.494038540214549
697,2.374039430130058,0.2532656736385337,6.5054922172620495,0.2532656736385337,6.5054922172620495
698,2.37768302911557,0.2528457272153373,6.516925071864903,0.2528457272153373,6.516925071864903
699,2.38132078917338,0.2524279002712799,6.528336954748481,0.2524279002712799,6.528336954748481
700,2.3849526540642167,0.2520121845108096,6.539727716811694,0.2520121845108096,6.539727716811694
701,2.3885785676399496,0.251598571683611,6.551097209129971,0.251598571683611,6.551097209129971
702,2.392198473844452,0.251187053584436,6.5624452829582,0.251187053584436,6.5624452829582
703,2.395812316714473,0.2507776220529325,6.573771789733706,0.2507776220529325,6.573771789733706
704,2.399420040380498,0.25037026897347575,6.58507658107917,0.25037026897347575,6.58507658107917
705,2.403021589067615,0.24996498627499808,6.596359508805588,0.24996498627499808,6.596359508805588
706,2.406616907096377,0.24956176593081889,6.607620424915212,0.24956176593081889,6.607620424915212
707,2.410205938883661,0.24916059995847673,6.618859181604456,0.24916059995847673,6.618859181604456
708,2.4137886289435295,0.248761480419559,6.630075631266843,0.248761480419559,6.630075631266843
709,2.417364921888087,0.24836439941953414,6.6412696264959115,0.24836439941953414,6.6412696264959115
710,2.420934762428335,0.24796934910758237,6.652441020088129,0.24796934910758237,6.652441020088129
711,2.4244980953750304,0.24757632167642815,6.663589665045795,0.24757632167642815,6.663589665045795
712,2.4280548656395364,0.24718530936217112,6.67471541457995,0.24718530936217112,6.67471541457995
713,2.4316050182346736,0.2467963044441199,6.685818122113249,0.2467963044441199,6.685818122113249
714,2.4351484982755696,0.2464092992446234,6.696897641282867,0.2464092992446234,6.696897641282867
715,2.4386852509805115,0.24602428612890406,6.707953825943371,0.24602428612890406,6.707953825943371
716,2.4422152216717876,0.2456412575048917,6.718986530169595,0.2456412575048917,6.718986530169595
717,2.4457383557765384,0.245260205823056,6.729995608259509,0.245260205823056,6.729995608259509
718,2.4492545988275927,0.2448811235762413,6.740980914737074,0.2448811235762413,6.740980914737074
719,2.452763896464318,0.24450400329950034,6.751942304355106,0.24450400329950034,6.751942304355106
720,2.456266194433455,0.2441288375699288,6.7628796320981195,0.2441288375699288,6.7628796320981195
721,2.4597614385899575,0.24375561900650067,6.77379275318516,0.24375561900650067,6.77379275318516
722,2.4632495748978327,0.24338434026990294,6.784681523072659,0.24338434026990294,6.784681523072659
723,2.4667305494309724,0.24301499406237184,6.795545797457247,0.24301499406237184,6.795545797457247
724,2.4702043083739893,0.24264757312752847,6.806385432278577,0.24264757312752847,6.806385432278577
725,2.473670798023047,0.2422820702502157,6.817200283722142,0.2422820702502157,6.817200283722142
726,2.477129964786693,0.24191847825633456,6.827990208222086,0.24191847825633456,6.827990208222086
727,2.480581755186684,0.24155679001268193,6.838755062463993,0.24155679001268193,6.838755062463993
728,2.484026115858815,0.24119699842678816,6.8494947033877,0.24119699842678816,6.8494947033877
729,2.487462993553744,0.240839096446755,6.86020898819007,0.240839096446755,6.86020898819007
730,2.4908923351378145,0.24048307706109429,6.870897774327776,0.24048307706109429,6.870897774327776
731,2.494314087593877,0.2401289332985669,6.881560919520076,0.2401289332985669,6.881560919520076
732,2.4977281980221084,0.23977665822802274,6.892198281751581,0.23977665822802274,6.892198281751581
733,2.501134613640832,0.23942624495823947,6.902809719275013,0.23942624495823947,6.902809719275013
734,2.5045332817873294,0.2390776866377642,6.913395090613952,0.2390776866377642,6.913395090613952
735,2.507924149918659,0.23873097645475347,6.9239542545655945,0.23873097645475347,6.9239542545655945
736,2.511307165612466,0.23838610763681495,6.934487070203478,0.23838610763681495,6.934487070203478
737,2.5146822765677923,0.23804307345084888,6.944993396880219,0.23804307345084888,6.944993396880219
738,2.518049430605887,0.23770186720289102,6.955473094230234,0.23770186720289102,6.955473094230234
739,2.5214085756710114,0.23736248223795486,6.965926022172462,0.23736248223795486,6.965926022172462
740,2.5247596598312443,0.237024911939875,6.976352040913059,0.237024911939875,6.976352040913059
741,2.5281026312792862,0.23668914973115096,6.986751010948126,0.23668914973115096,6.986751010948126
742,2.5314374383332576,0.23635518907279182,6.997122793066369,0.23635518907279182,6.997122793066369
743,2.5347640294375005,0.2360230234641605,7.0074672483518174,0.2360230234641605,7.0074672483518174
744,2.5380823531633725,0.23569264644281943,7.017784238186483,0.23569264644281943,7.017784238186483
745,2.5413923582100466,0.23536405158437662,7.028073624253043,0.23536405158437662,7.028073624253043
746,2.5446939934052986,0.23503723250233138,7.038335268537499,0.23503723250233138,7.038335268537499
747,2.547987207706303,0.23471218284792209,7.048569033331833,0.23471218284792209,7.048569033331833
748,2.5512719502004195,0.23438889630997284,7.058774781236669,0.23438889630997284,7.058774781236669
749,2.5545481701059805,0.23406736661474228,7.0689523751638905,0.23406736661474228,7.0689523751638905
750,2.5578158167730773,0.23374758752577143,7.0791016783393035,0.23374758752577143,7.0791016783393035
751,2.5610748396843404,0.23342955284373376,7.089222554305235,0.23342955284373376,7.089222554305235
752,2.564325188455725,0.23311325640628375,7.099314866923178,0.23311325640628375,7.099314866923178
753,2.567566812837285,0.23279869208790793,7.109378480376382,0.23279869208790793,7.109378480376382
754,2.5707996627139544,0.23248585379977554,7.119413259172464,0.23248585379977554,7.119413259172464
755,2.5740236881063177,0.23217473548958983,7.129419068146007,0.23217473548958983,7.129419068146007
756,2.577238839171385,0.23186533114144026,7.139395772461132,0.23186533114144026,7.139395772461132
757,2.5804450662033647,0.23155763477565466,7.149343237614103,0.23155763477565466,7.149343237614103
758,2.583642319634426,0.23125164044865276,7.159261329435878,0.23125164044865276,7.159261329435878
759,2.586830550035471,0.23094734225279953,7.169149914094675,0.23094734225279953,7.169149914094675
760,2.590009708116896,0.23064473431626017,7.179008858098536,0.23064473431626017,7.179008858098536
761,2.593179744729355,0.2303438108028541,7.188838028297871,0.2303438108028541,7.188838028297871
762,2.5963406108645173,0.23004456591191116,7.198637291887993,0.23004456591191116,7.198637291887993
763,2.599492257655826,0.2297469938781277,7.208406516411644,0.2297469938781277,7.208406516411644
764,2.602634636379256,0.22945108897142266,7.218145569761544,0.22945108897142266,7.218145569761544
765,2.6057676984540645,0.2291568454967958,7.227854320182873,0.2291568454967958,7.227854320182873
766,2.6088913954435426,0.22886425779418465,7.2375326362758,0.22886425779418465,7.2375326362758
767,2.6120056790557635,0.22857332023832402,7.247180386997972,0.22857332023832402,7.247180386997972
768,2.6151105011443314,0.22828402723860458,7.256797441667007,0.22828402723860458,7.256797441667007
769,2.6182058137091238,0.2279963732389325,7.266383669962978,0.2279963732389325,7.266383669962978
770,2.6212915688970333,0.22771035271759021,7.275938941930878,0.22771035271759021,7.275938941930878
771,2.6243677190027093,0.22742596018709754,7.285463127983099,0.22742596018709754,7.285463127983099
772,2.6274342164692945,0.22714319019407261,7.294956098901875,0.22714319019407261,7.294956098901875
773,2.6304910138891597,0.22686203731909507,7.304417725841742,0.22686203731909507,7.304417725841742
774,2.6335380640046364,0.22658249617656814,7.313847880331967,0.22658249617656814,7.313847880331967
775,2.6365753197087494,0.2263045614145827,7.323246434278993,0.2263045614145827,7.323246434278993
776,2.6396027340459423,0.2260282277147813,7.332613259968844,0.2260282277147813,7.332613259968844
777,2.642620260212807,0.2257534897922226,7.341948230069563,0.2257534897922226,7.341948230069563
778,2.6456278515588023,0.22548034239524747,7.351251217633589,0.22548034239524747,7.351251217633589
779,2.6486254615869806,0.22520878030534436,7.360522096100183,0.22520878030534436,7.360522096100183
780,2.6516130439547028,0.22493879833701666,7.369760739297801,0.22493879833701666,7.369760739297801
781,2.654590552474356,0.2246703913376493,7.378967021446467,0.2246703913376493,7.378967021446467
782,2.657557941114068,0.22440355418737748,7.3881408171601715,0.22440355418737748,7.3881408171601715
783,2.6605151639984186,0.22413828179895498,7.397282001449199,0.22413828179895498,7.397282001449199
784,2.663462175409148,0.22387456911762335,7.406390449722508,0.22387456911762335,7.406390449722508
785,2.666398929785866,0.2236124111209817,7.415466037790072,0.2236124111209817,7.415466037790072
786,2.6693253817267526,0.2233518028188582,7.4245086418652,0.2233518028188582,7.4245086418652
787,2.672241485989264,0.22309273925317977,7.4335181385668845,0.22309273925317977,7.4335181385668845
788,2.6751471974908285,0.22283521549784555,7.442494404922106,0.22283521549784555,7.442494404922106
789,2.6780424713095465,0.2225792266585981,7.4514373183681535,0.2225792266585981,7.4514373183681535
790,2.6809272626848824,0.2223247678728978,7.4603467567549115,0.2223247678728978,7.4603467567549115
791,2.6838015270183586,0.22207183430979557,7.469222598347166,0.22207183430979557,7.469222598347166
792,2.6866652198742433,0.22182042116980802,7.478064721826878,0.22182042116980802,7.478064721826878
793,2.6895182969802383,0.22157052368479274,7.486873006295459,0.22157052368479274,7.486873006295459
794,2.692360714228165,0.22132213711782336,7.4956473312760465,0.22132213711782336,7.4956473312760465
795,2.6951924276746424,0.22107525676306677,7.5043875767157395,0.22107525676306677,7.5043875767157395
796,2.6980133935417703,0.22082987794566014,7.513093622987862,0.22082987794566014,7.513093622987862
797,2.7008235682178046,0.22058599602158804,7.521765350894196,0.22058599602158804,7.521765350894196
798,2.703622908257831,0.2203436063775619,7.530402641667208,0.2203436063775619,7.530402641667208
799,2.706411370384437,0.2201027044308984,7.5390053769722645,0.2201027044308984,7.5390053769722645
800,2.709188911488382,0.21986328562939922,7.547573438909856,0.21986328562939922,7.547573438909856
801,2.7119554886292616,0.21962534545123208,7.556106710017781,0.21962534545123208,7.556106710017781
802,2.714711059036175,0.21938887940481114,7.564605073273355,0.21938887940481114,7.564605073273355
803,2.717455580108381,0.21915388302867936,7.573068412095569,0.21915388302867936,7.573068412095569
804,2.7201890094159626,0.21892035189139025,7.5814966103472985,0.21892035189139025,7.5814966103472985
805,2.7229113047004776,0.2186882815913916,7.589889552337422,0.2186882815913916,7.589889552337422
806,2.725622423875616,0.21845766775690884,7.598247122823021,0.21845766775690884,7.598247122823021
807,2.7283223250278468,0.2182285060458297,7.606569207011485,0.2182285060458297,7.606569207011485
808,2.7310109664170703,0.21800079214558885,7.614855690562684,0.21800079214558885,7.614855690562684
809,2.7336883064772604,0.21777452177305426,7.623106459591061,0.21777452177305426,7.623106459591061
810,2.736354303817107,0.21754969067441302,7.6313214006677725,0.21754969067441302,7.6313214006677725
811,2.7390089172206595,0.21732629462505867,7.639500400822794,0.21732629462505867,7.639500400822794
812,2.7416521056479577,0.21710432942947916,7.6476433475469925,0.21710432942947916,7.6476433475469925
813,2.7442838282356727,0.21688379092114463,7.655750128794256,0.21688379092114463,7.655750128794256
814,2.7469040442977355,0.21666467496239702,7.663820632983538,0.21666467496239702,7.663820632983538
815,2.749512713325966,0.21644697744433966,7.671854749000943,0.21644697744433966,7.671854749000943
816,2.7521097949906994,0.21623069428672737,7.679852366201783,0.21623069428672737,7.679852366201783
817,2.75469524914141,0.21601582143785808,7.687813374412622,0.21601582143785808,7.687813374412622
818,2.7572690358073326,0.2158023548744638,7.695737663933328,0.2158023548744638,7.695737663933328
819,2.7598311151980788,0.21559029060160356,7.703625125539097,0.21559029060160356,7.703625125539097
820,2.7623814477042536,0.21537962465255645,7.711475650482466,0.21537962465255645,7.711475650482466
821,2.7649199938980673,0.21517035308871482,7.719289130495348,0.21517035308871482,7.719289130495348
822,2.767446714533945,0.21496247199947915,7.727065457791003,0.21496247199947915,7.727065457791003
823,2.7699615705491327,0.214755977502153,7.734804525066053,0.214755977502153,7.734804525066053
824,2.772464523064302,0.21455086574183824,7.742506225502456,0.21455086574183824,7.742506225502456
825,2.774955533384151,0.21434713289133214,7.750170452769472,0.21434713289133214,7.750170452769472
826,2.7774345629980033,0.21414477515102362,7.757797101025648,0.21414477515102362,7.757797101025648
827,2.7799015735804016,0.2139437887487917,7.765386064920736,0.2139437887487917,7.765386064920736
828,2.7823565269917014,0.21374416993990292,7.772937239597665,0.21374416993990292,7.772937239597665
829,2.784799385278661,0.21354591500691136,7.780450520694465,0.21354591500691136,7.780450520694465
830,2.7872301106750266,0.21334902025955718,7.787925804346179,0.21334902025955718,7.787925804346179
831,2.7896486656021175,0.2131534820346681,7.795362987186791,0.2131534820346681,7.795362987186791
832,2.7920550126694077,0.21295929669605923,7.802761966351124,0.21295929669605923,7.802761966351124
833,2.7944491146751025,0.21276646063443547,7.810122639476735,0.21276646063443547,7.810122639476735
834,2.7968309346067133,0.21257497026729363,7.817444904705789,0.21257497026729363,7.817444904705789
835,2.799200435641632,0.21238482203882506,7.8247286606869375,0.21238482203882506,7.8247286606869375
836,2.8015575811476983,0.21219601241981953,7.831973806577192,0.21219601241981953,7.831973806577192
837,2.803902334683767,0.21200853790756938,7.839180242043759,0.21200853790756938,7.839180242043759
838,2.8062346600002694,0.21182239502577463,7.846347867265891,0.21182239502577463,7.846347867265891
839,2.8085545210397793,0.21163758032444788,7.853476582936726,0.21163758032444788,7.853476582936726
840,2.8108618819375617,0.21145409037982152,7.860566290265097,0.21145409037982152,7.860566290265097
841,2.8131567070221353,0.2112719217942537,7.8676168909773505,0.2112719217942537,7.8676168909773505
842,2.81543896081582,0.21109107119613613,7.8746282873191555,0.21109107119613613,7.8746282873191555
843,2.8177086080352858,0.21091153523980252,7.8816003820572815,0.21091153523980252,7.8816003820572815
844,2.8199656135920983,0.21073331060543682,7.8885330784813945,0.21073331060543682,7.8885330784813945
845,2.8222099425932625,0.2105563939989835,7.895426280405818,0.2105563939989835,7.895426280405818
846,2.8244415603417603,0.21038078215205647,7.902279892171299,0.21038078215205647,7.902279892171299
847,2.8266604323370883,0.21020647182185118,7.909093818646759,0.21020647182185118,7.909093818646759
848,2.8288665242757904,0.2100334597910549,7.915867965231031,0.2100334597910549,7.915867965231031
849,2.831059802051988,0.20986174286775944,7.9226022378545995,0.20986174286775944,7.9226022378545995
850,2.8332402317579093,0.20969131788537343,7.92929654298131,0.20969131788537343,7.92929654298131
851,2.8354077796844104,0.2095221817025361,7.935950787610082,0.2095221817025361,7.935950787610082
852,2.8375624123214984,0.20935433120303065,7.942564879276615,0.20935433120303065,7.942564879276615
853,2.8397040963588487,0.2091877632956994,7.94913872605506,0.2091877632956994,7.94913872605506
854,2.8418327986863208,0.2090224749143588,7.955672236559725,0.2090224749143588,7.955672236559725
855,2.8439484863944693,0.2088584630177154,7.962165319946714,0.2088584630177154,7.962165319946714
856,2.846051126775053,0.20869572458928232,7.96861788591561,0.20869572458928232,7.96861788591561
857,2.848140687321541,0.2085342566372964,7.975029844711103,0.2085342566372964,7.975029844711103
858,2.850217135729614,0.2083740561946361,7.981401107124636,0.2083740561946361,7.981401107124636
859,2.852280439897666,0.20821512031873987,7.9877315844960375,0.20821512031873987,7.9877315844960375
860,2.8543305679272977,0.20805744609152552,7.994021188715116,0.20805744609152552,7.994021188715116
861,2.8563674881238112,0.20790103061930926,8.000269832223287,0.20790103061930926,8.000269832223287
862,2.858391168996701,0.20774587103272676,8.006477428015158,0.20774587103272676,8.006477428015158
863,2.860401579260139,0.20759196448665385,8.012643889640112,0.20759196448665385,8.012643889640112
864,2.8623986878334593,0.20743930816012793,8.018769131203888,0.20743930816012793,8.018769131203888
865,2.864382463841637,0.20728789925627064,8.024853067370127,0.20728789925627064,8.024853067370127
866,2.866352876615768,0.20713773500221044,8.030895613361944,0.20713773500221044,8.030895613361944
867,2.868309895693542,0.20698881264900598,8.036896684963457,0.20698881264900598,8.036896684963457
868,2.870253490819713,0.2068411294715707,8.042856198521326,0.2068411294715707,8.042856198521326
869,2.8721836319465677,0.20669468276859707,8.048774070946262,0.20669468276859707,8.048774070946262
870,2.874100289234389,0.20654946986248235,8.054650219714548,0.20654946986248235,8.054650219714548
871,2.8760034330519204,0.20640548809925435,8.060484562869533,0.20640548809925435,8.060484562869533
872,2.8778930339768185,0.20626273484849816,8.06627701902311,0.20626273484849816,8.06627701902311
873,2.879769062796113,0.20612120750328353,8.072027507357218,0.20612120750328353,8.072027507357218
874,2.881631490506657,0.20598090348009235,8.077735947625277,0.20598090348009235,8.077735947625277
875,2.883480288315574,0.2058418202187475,8.083402260153674,0.2058418202187475,8.083402260153674
876,2.885315427640704,0.20570395518234183,8.089026365843184,0.20570395518234183,8.089026365843184
877,2.887136880111045,0.20556730585716806,8.094608186170415,0.20556730585716806,8.094608186170415
878,2.8889446175671925,0.20543186975264865,8.100147643189233,0.20543186975264865,8.100147643189233
879,2.8907386120617744,0.20529764440126716,8.10564465953217,0.20529764440126716,8.10564465953217
880,2.8925188358598812,0.2051646273585,8.11109915841182,0.2051646273585,8.11109915841182
881,2.894285261439499,0.20503281620274802,8.116511063622237,0.20503281620274802,8.116511063622237
882,2.896037861491931,0.20490220853526958,8.121880299540328,0.20490220853526958,8.121880299540328
883,2.8977766089222206,0.20477280198011436,8.12720679112718,0.20477280198011436,8.12720679112718
884,2.899501476849572,0.20464459418405673,8.132490463929472,0.20464459418405673,8.132490463929472
885,2.9012124386077653,0.20451758281653085,8.137731244080774,0.20451758281653085,8.137731244080774
886,2.902909467745565,0.20439176556956554,8.142929058302911,0.20439176556956554,8.142929058302911
887,2.9045925380271354,0.20426714015772068,8.148083833907284,0.20426714015772068,8.148083833907284
888,2.906261623432441,0.2041437043180229,8.15319549879617,0.2041437043180229,8.15319549879617
889,2.9079166981576505,0.20402145580990327,8.158263981464044,0.20402145580990327,8.158263981464044
890,2.909557736615537,0.2039003924151347,8.163289210998855,0.2039003924151347,8.163289210998855
891,2.9111847134358704,0.2037805119377704,8.168271117083313,0.2037805119377704,8.168271117083313
892,2.9127976034658136,0.2036618122040821,8.173209629996164,0.2036618122040821,8.173209629996164
893,2.9143963817703087,0.20354429106250052,8.178104680613437,0.20354429106250052,8.178104680613437
894,2.915981023632462,0.20342794638355477,8.182956200409704,0.20342794638355477,8.182956200409704
895,2.9175515045539293,0.20331277605981302,8.187764121459304,0.20331277605981302,8.187764121459304
896,2.919107800255291,0.20319877800582403,8.192528376437583,0.20319877800582403,8.192528376437583
897,2.9206498866764288,0.20308595015805891,8.197248898622087,0.20308595015805891,8.197248898622087
898,2.9221777399769,0.20297429047485338,8.20192562189379,0.20297429047485338,8.20192562189379
899,2.923691336536301,0.20286379693635131,8.206558480738268,0.20286379693635131,8.206558480738268
900,2.9251906529546385,0.20275446754444784,8.211147410246886,0.20275446754444784,8.211147410246886
901,2.9266756660526867,0.20264630032273379,8.215692346117967,0.20264630032273379,8.215692346117967
902,2.928146352872347,0.20253929331644072,8.220193224657951,0.20253929331644072,8.220193224657951
903,2.9296026906770027,0.20243344459238602,8.224649982782537,0.20243344459238602,8.224649982782537
904,2.9310446569518724,0.20232875223891916,8.229062558017832,0.20232875223891916,8.229062558017832
905,2.9324722294043557,0.20222521436586796,8.23343088850146,0.20222521436586796,8.23343088850146
906,2.9338853859643788,0.20212282910448634,8.237754912983684,0.20212282910448634,8.237754912983684
907,2.935284104784735,0.20202159460740166,8.242034570828505,0.20202159460740166,8.242034570828505
908,2.9366683642414237,0.20192150904856296,8.246269802014758,0.20192150904856296,8.246269802014758
909,2.9380381429339852,0.20182257062319042,8.250460547137187,0.20182257062319042,8.250460547137187
910,2.939393419685828,0.20172477754772447,8.254606747407514,0.20172477754772447,8.254606747407514
911,2.94073417354456,0.20162812805977604,8.258708344655492,0.20162812805977604,8.258708344655492
912,2.9420603837823114,0.2015326204180771,8.26276528132996,0.2015326204180771,8.26276528132996
913,2.9433720298960537,0.20143825290243236,8.266777500499872,0.20143825290243236,8.266777500499872
914,2.944669091607919,0.20134502381367053,8.270744945855322,0.20134502381367053,8.270744945855322
915,2.945951548865511,0.20125293147359735,8.274667561708547,0.20125293147359735,8.274667561708547
916,2.947219381842217,0.201161974224948,8.27854529299494,0.201161974224948,8.27854529299494
917,2.948472570937513,0.20107215043134133,8.282378085274031,0.20107215043134133,8.282378085274031
918,2.949711096777269,0.20098345847723337,8.28616588473047,0.20098345847723337,8.28616588473047
919,2.950934940214045,0.2008958967678727,8.289908638174987,0.2008958967678727,8.289908638174987
920,2.95214408232739,0.20080946372925512,8.293606293045347,0.20080946372925512,8.293606293045347
921,2.953338504424133,0.20072415780808017,8.297258797407299,0.20072415780808017,8.297258797407299
922,2.954518188038673,0.20063997747170717,8.300866099955506,0.20063997747170717,8.300866099955506
923,2.955683114933263,0.20055692120811233,8.30442815001446,0.20055692120811233,8.30442815001446
924,2.9568332670982933,0.20047498752584647,8.307944897539395,0.20047498752584647,8.307944897539395
925,2.95796862675257,0.20039417495399314,8.311416293117189,0.20039417495399314,8.311416293117189
926,2.959089176343589,0.20031448204212726,8.31484228796724,0.20031448204212726,8.31484228796724
927,2.9601948985478077,0.2002359073602747,8.31822283394235,0.2002359073602747,8.31822283394235
928,2.9612857762709126,0.20015844949887168,8.321557883529582,0.20015844949887168,8.321557883529582
929,2.9623617926480836,0.2000821070687258,8.324847389851108,0.2000821070687258,8.324847389851108
930,2.9634229310442564,0.2000068787009766,8.328091306665065,0.2000068787009766,8.328091306665065
931,2.9644691750543766,0.1999327630470574,8.331289588366365,0.1999327630470574,8.331289588366365
932,2.965500508503656,0.19985975877865716,8.334442189987525,0.19985975877865716,8.334442189987525
933,2.966516915447821,0.19978786458768358,8.33754906719946,0.19978786458768358,8.33754906719946
934,2.967518380173361,0.19971707918622605,8.34061017631229,0.19971707918622605,8.34061017631229
935,2.9685048871977675,0.1996474013065196,8.343625474276113,0.1996474013065196,8.343625474276113
936,2.9694764212697784,0.19957882970090915,8.346594918681781,0.19957882970090915,8.346594918681781
937,2.9704329673696104,0.19951136314181475,8.349518467761657,0.19951136314181475,8.349518467761657
938,2.9713745107091922,0.199445000421697,8.352396080390358,0.199445000421697,8.352396080390358
939,2.9723010367323934,0.19937974035302258,8.355227716085505,0.19937974035302258,8.355227716085505
940,2.973212531115249,0.1993155817682319,8.358013335008426,0.1993155817682319,8.358013335008426
941,2.9741089797661813,0.1992525235197054,8.360752897964892,0.1992525235197054,8.360752897964892
942,2.9749903688262167,0.19919056447973166,8.363446366405796,0.19919056447973166,8.363446366405796
943,2.9758566846692025,0.19912970354047566,8.366093702427861,0.19912970354047566,8.366093702427861
944,2.9767079139020147,0.19906993961394748,8.368694868774307,0.19906993961394748,8.368694868774307
945,2.977544043364766,0.19901127163197224,8.371249828835522,0.19901127163197224,8.371249828835522
946,2.9783650601310097,0.1989536985461593,8.373758546649709,0.1989536985461593,8.373758546649709
947,2.97917095150794,0.19889721932787327,8.376220986903542,0.19889721932787327,8.376220986903542
948,2.9799617050365867,0.19884183296820498,8.378637114932785,0.19884183296820498,8.378637114932785
949,2.9807373084920092,0.1987875384779429,8.38100689672292,0.1987875384779429,8.38100689672292
950,2.9814977498834847,0.19873433488754572,8.383330298909748,0.19873433488754572,8.383330298909748
951,2.9822430174546937,0.1986822212471147,8.385607288779985,0.1986822212471147,8.385607288779985
952,2.982973099683902,0.1986311966263671,8.38783783427186,0.1986311966263671,8.38783783427186
953,2.9836879852841385,0.19858126011460997,8.390021903975668,0.19858126011460997,8.390021903975668
954,2.9843876632033703,0.19853241082071454,8.392159467134347,0.19853241082071454,8.392159467134347
955,2.9850721226246737,0.19848464787309097,8.394250493644016,0.19848464787309097,8.394250493644016
956,2.985741352966399,0.19843797041966435,8.396294954054524,0.19843797041966435,8.396294954054524
957,2.9863953438823376,0.19839237762784995,8.398292819569958,0.19839237762784995,8.398292819569958
958,2.98703408526188,0.19834786868453028,8.400244062049184,0.19834786868453028,8.400244062049184
959,2.9876575672301726,0.19830444279603218,8.402148654006325,0.19830444279603218,8.402148654006325
960,2.988265780148269,0.19826209918810442,8.404006568611257,0.19826209918810442,8.404006568611257
961,2.9888587146132815,0.1982208371058957,8.405817779690103,0.1982208371058957,8.405817779690103
962,2.989436361458525,0.1981806558139334,8.407582261725683,0.1981806558139334,8.407582261725683
963,2.9899987117536586,0.1981415545961035,8.409299989857972,0.1981415545961035,8.409299989857972
964,2.990545756804824,0.19810353275562947,8.410970939884553,0.19810353275562947,8.410970939884553
965,2.99107748815478,0.19806658961505347,8.412595088261039,0.19806658961505347,8.412595088261039
966,2.9915938975830327,0.19803072451621653,8.4141724121015,0.19803072451621653,8.4141724121015
967,2.992094977105964,0.1979959368202406,8.415702889178867,0.1979959368202406,8.415702889178867
968,2.992580718976953,0.1979622259075104,8.417186497925332,0.1979622259075104,8.417186497925332
969,2.993051115686497,0.19792959117765568,8.418623217432724,0.19792959117765568,8.418623217432724
970,2.993506159962328,0.19789803204953482,8.4200130274529,0.19789803204953482,8.4200130274529
971,2.9939458447695233,0.19786754796121786,8.421355908398082,0.19786754796121786,8.421355908398082
972,2.994370163310617,0.1978381383699711,8.422651841341228,0.1978381383699711,8.422651841341228
973,2.994779109025702,0.1978098027522417,8.423900808016358,0.1978098027522417,8.423900808016358
974,2.995172675592535,0.19778254060364275,8.425102790818887,0.19778254060364275,8.425102790818887
975,2.99555085692663,0.19775635143893955,8.426257772805926,0.19775635143893955,8.426257772805926
976,2.9959136471813554,0.1977312347920352,8.427365737696597,0.1977312347920352,8.427365737696597
977,2.9962610407480246,0.19770719021595803,8.428426669872325,0.19770719021595803,8.428426669872325
978,2.99659303225598,0.19768421728284893,8.429440554377095,0.19768421728284893,8.429440554377095
979,2.996909616572679,0.19766231558394895,8.430407376917755,0.19766231558394895,8.430407376917755
980,2.9972107888037716,0.19764148472958815,8.431327123864225,0.19764148472958815,8.431327123864225
981,2.9974965442931767,0.19762172434917452,8.43219978224979,0.19762172434917452,8.43219978224979
982,2.9977668786231533,0.1976030340911835,8.433025339771286,0.1976030340911835,8.433025339771286
983,2.9980217876143698,0.1975854136231479,8.433803784789356,0.1975854136231479,8.433803784789356
984,2.9982612673259683,0.19756886263164897,8.434535106328623,0.19756886263164897,8.434535106328623
985,2.9984853140556256,0.19755338082230703,8.43521929407792,0.19755338082230703,8.43521929407792
986,2.9986939243396105,0.19753896791977363,8.43585633839045,0.19753896791977363,8.43585633839045
987,2.9988870949528357,0.1975256236677234,8.43644623028396,0.1975256236677234,8.43644623028396
988,2.9990648229089105,0.19751334782884716,8.436988961440912,0.19751334782884716,8.436988961440912
989,2.999227105460185,0.1975021401848451,8.43748452420863,0.1975021401848451,8.43748452420863
990,2.9993739400977937,0.19749200053642044,8.437932911599427,0.19749200053642044,8.437932911599427
991,2.9995053245516927,0.19748292870327416,8.438334117290726,0.19748292870327416,8.438334117290726
992,2.999621256790697,0.19747492452409962,8.438688135625199,0.19747492452409962,8.438688135625199
993,2.99972173502251,0.19746798785657826,8.438994961610835,0.19746798785657826,8.438994961610835
994,2.9998067576937517,0.19746211857737522,8.43925459092105,0.19746211857737522,8.43925459092105
995,2.9998763234899837,0.19745731658213625,8.43946701989476,0.19745731658213625,8.43946701989476
996,2.999930431335728,0.19745358178548472,8.439632245536437,0.19745358178548472,8.439632245536437
997,2.999969080394485,0.19745091412101884,8.439750265516174,0.19745091412101884,8.439750265516174
998,2.9999922700687454,0.19744931354131037,8.439821078169725,0.19744931354131037,8.439821078169725
999,3.0,0.19744878001790267,8.439844682498526,0.19744878001790267,8.439844682498526
