,SubsonicOnly,Subsonic/Supersonic,Supersonic/Subsonic,SupersonicOnly
0,0.8281159024718735,0.8281159024718735,0.03502860864790161,0.03502860864790161
1,0.8271552018708643,0.8271552018708643,0.03563824635701945,0.03563824635701945
2,0.8261889584812065,0.8261889584812065,0.03625807441852583,0.03625807441852583
3,0.8252171538503545,0.8252171538503545,0.03688824187229932,0.03688824187229932
4,0.8242397697164703,0.8242397697164703,0.03752889922041568,0.03752889922041568
5,0.8232567880133035,0.8232567880133035,0.038180198418799105,0.038180198418799105
6,0.8222681908751149,0.8222681908751149,0.038842292867993775,0.038842292867993775
7,0.8212739606416314,0.8212739606416314,0.03951533740303372,0.03951533740303372
8,0.8202740798630475,0.8202740798630475,0.04019948828238851,0.04019948828238851
9,0.8192685313050591,0.8192685313050591,0.04089490317596162,0.04089490317596162
10,0.8182572979539361,0.8182572979539361,0.041601741152120106,0.041601741152120106
11,0.8172403630216316,0.8172403630216316,0.042320162663731155,0.042320162663731155
12,0.8162177099509252,0.8162177099509252,0.04305032953318509,0.04305032953318509
13,0.8151893224206032,0.8151893224206032,0.04379240493637925,0.04379240493637925
14,0.8141551843506715,0.8141551843506715,0.04454655338564337,0.04454655338564337
15,0.8131152799076001,0.8131152799076001,0.04531294071158078,0.04531294071158078
16,0.8120695935096012,0.8120695935096012,0.04609173404380448,0.04609173404380448
17,0.8110181098319408,0.8110181098319408,0.046883101790546076,0.046883101790546076
18,0.809960813812273,0.809960813812273,0.047687213617113304,0.047687213617113304
19,0.8088976906560132,0.8088976906560132,0.048504240423176144,0.048504240423176144
20,0.8078287258417325,0.8078287258417325,0.04933435431885711,0.04933435431885711
21,0.806753905126582,0.806753905126582,0.05017772859960644,0.05017772859960644
22,0.805673214551741,0.805673214551741,0.05103453771983763,0.05103453771983763
23,0.8045866404478955,0.8045866404478955,0.051904957265304905,0.051904957265304905
24,0.8034941694407318,0.8034941694407318,0.05278916392419904,0.05278916392419904
25,0.8023957884564613,0.8023957884564613,0.053687335456941494,0.053687335456941494
26,0.8012914847273618,0.8012914847273618,0.05459965066465697,0.05459965066465697
27,0.8001812457973401,0.8001812457973401,0.055526289356303715,0.055526289356303715
28,0.7990650595275128,0.7990650595275128,0.056467432314441804,0.056467432314441804
29,0.7979429141018072,0.7979429141018072,0.0574232612596193,0.0574232612596193
30,0.7968147980325739,0.7968147980325739,0.05839395881336027,0.05839395881336027
31,0.7956807001662204,0.7956807001662204,0.05937970845973185,0.05937970845973185
32,0.7945406096888497,0.7945406096888497,0.06038069450547765,0.06038069450547765
33,0.7933945161319217,0.7933945161319217,0.061397102038695674,0.061397102038695674
34,0.7922424093779139,0.7922424093779139,0.06242911688604673,0.06242911688604673
35,0.791084279665999,0.791084279665999,0.06347692556847755,0.06347692556847755
36,0.7899201175977287,0.7899201175977287,0.06454071525544162,0.06454071525544162
37,0.7887499141427183,0.7887499141427183,0.06562067371760447,0.06562067371760447
38,0.7875736606443433,0.7875736606443433,0.06671698927801925,0.06671698927801925
39,0.7863913488254324,0.7863913488254324,0.06782985076175978,0.06782985076175978
40,0.7852029707939646,0.7852029707939646,0.06895944744399837,0.06895944744399837
41,0.7840085190487662,0.7840085190487662,0.07010596899651793,0.07010596899651793
42,0.7828079864852019,0.7828079864852019,0.07126960543264749,0.07126960543264749
43,0.7816013664008657,0.7816013664008657,0.07245054705061178,0.07245054705061178
44,0.7803886525012649,0.7803886525012649,0.07364898437528643,0.07364898437528643
45,0.7791698389054943,0.7791698389054943,0.07486510809835269,0.07486510809835269
46,0.7779449201519038,0.7779449201519038,0.07609910901684319,0.07609910901684319
47,0.7767138912037513,0.7767138912037513,0.07735117797007525,0.07735117797007525
48,0.7754767474548482,0.7754767474548482,0.0786215057749673,0.0786215057749673
49,0.7742334847351806,0.7742334847351806,0.07991028315973739,0.07991028315973739
50,0.7729840993165243,0.7729840993165243,0.08121770069597777,0.08121770069597777
51,0.7717285879180306,0.7717285879180306,0.08254394872911126,0.08254394872911126
52,0.770466947711798,0.770466947711798,0.08388921730722664,0.08388921730722664
53,0.7691991763284195,0.7691991763284195,0.08525369610829621,0.08525369610829621
54,0.7679252718625023,0.7679252718625023,0.086637574365783,0.086637574365783
55,0.7666452328781632,0.7666452328781632,0.08804104079263453,0.08804104079263453
56,0.7653590584144955,0.7653590584144955,0.08946428350368356,0.08946428350368356
57,0.7640667479910008,0.7640667479910008,0.09090748993645002,0.09090748993645002
58,0.7627683016129938,0.7627683016129938,0.09237084677036494,0.09237084677036494
59,0.7614637197769687,0.7614637197769687,0.0938545398444223,0.0938545398444223
60,0.7601530034759242,0.7601530034759242,0.0953587540732761,0.0953587540732761
61,0.7588361542046614,0.7588361542046614,0.0968836733617926,0.0968836733617926
62,0.7575131739650242,0.7575131739650242,0.09842948051808253,0.09842948051808253
63,0.7561840652711143,0.7561840652711143,0.09999635716502235,0.09999635716502235
64,0.754848831154446,0.754848831154446,0.10158448365029453,0.10158448365029453
65,0.7535074751690609,0.7535074751690609,0.10319403895496118,0.10319403895496118
66,0.7521600013965949,0.7521600013965949,0.10482520060060183,0.10482520060060183
67,0.7508064144512898,0.7508064144512898,0.10647814455503472,0.10647814455503472
68,0.7494467194849553,0.7494467194849553,0.1081530451366592,0.1081530451366592
69,0.7480809221918754,0.7480809221918754,0.10985007491743691,0.10985007491743691
70,0.746709028813656,0.746709028813656,0.11156940462455554,0.11156940462455554
71,0.7453310461440218,0.7453310461440218,0.11331120304080118,0.11331120304080118
72,0.743946981533545,0.743946981533545,0.1150756369036793,0.1150756369036793
73,0.7425568428943163,0.7425568428943163,0.11686287080332279,0.11686287080332279
74,0.7411606387045582,0.7411606387045582,0.1186730670792226,0.1186730670792226
75,0.7397583780131656,0.7397583780131656,0.12050638571583175,0.12050638571583175
76,0.7383500704441919,0.7383500704441919,0.12236298423707564,0.12236298423707564
77,0.7369357180606433,0.7369357180606433,0.1242430175998285,0.1242430175998285
78,0.7355153469490606,0.7355153469490606,0.12614663808639467,0.12614663808639467
79,0.7340889612068312,0.7340889612068312,0.12807399519604573,0.12807399519604573
80,0.7326565727872961,0.7326565727872961,0.13002523553567738,0.13002523553567738
81,0.7312181942385105,0.7312181942385105,0.1320005027096251,0.1320005027096251
82,0.7297738387070978,0.7297738387070978,0.1339999372087096,0.1339999372087096
83,0.7283235199420041,0.7283235199420041,0.13602367629856285,0.13602367629856285
84,0.726867252298152,0.726867252298152,0.13807185390730073,0.13807185390730073
85,0.7254050507400024,0.7254050507400024,0.14014460051260488,0.14014460051260488
86,0.7239369308450083,0.7239369308450083,0.14224204302827623,0.14224204302827623
87,0.7224629088069636,0.7224629088069636,0.1443643046903351,0.1443643046903351
88,0.720983001439248,0.720983001439248,0.14651150494272752,0.14651150494272752
89,0.7194972261779586,0.7194972261779586,0.1486837593227215,0.1486837593227215
90,0.7180056010849323,0.7180056010849323,0.1508811793460574,0.1508811793460574
91,0.7165081448506493,0.7165081448506493,0.15310387239193077,0.15310387239193077
92,0.7150048767970248,0.7150048767970248,0.15535194158789106,0.15535194158789106
93,0.7134958168800779,0.7134958168800779,0.15762548569472373,0.15762548569472373
94,0.7119809856924783,0.7119809856924783,0.15992459899141184,0.15992459899141184
95,0.7104604044659703,0.7104604044659703,0.16224937116024754,0.16224937116024754
96,0.7089340950736712,0.7089340950736712,0.1645998871721852,0.1645998871721852
97,0.7074020800322369,0.7074020800322369,0.16697622717251967,0.16697622717251967
98,0.7058643825039016,0.7058643825039016,0.16937846636698206,0.16937846636698206
99,0.7043210262983798,0.7043210262983798,0.17180667490833243,0.17180667490833243
100,0.7027720358746354,0.7027720358746354,0.17426091778355274,0.17426091778355274
101,0.7012174363425114,0.7012174363425114,0.17674125470172364,0.17674125470172364
102,0.6996572534642224,0.6996572534642224,0.1792477399826787,0.1792477399826787
103,0.6980915136557002,0.6980915136557002,0.18178042244653364,0.18178042244653364
104,0.6965202439878014,0.6965202439878014,0.18433934530418442,0.18433934530418442
105,0.6949434721873652,0.6949434721873652,0.18692454604886713,0.18692454604886713
106,0.693361226638122,0.693361226638122,0.18953605634887796,0.18953605634887796
107,0.6917735363814567,0.6917735363814567,0.19217390194155148,0.19217390194155148
108,0.6901804311170139,0.6901804311170139,0.1948381025285919,0.1948381025285919
109,0.688581941203158,0.688581941203158,0.19752867167285074,0.19752867167285074
110,0.6869780976572669,0.6869780976572669,0.20024561669665528,0.20024561669665528
111,0.6853689321558755,0.6853689321558755,0.20298893858177888,0.20298893858177888
112,0.6837544770346615,0.6837544770346615,0.20575863187114216,0.20575863187114216
113,0.6821347652882641,0.6821347652882641,0.20855468457234988,0.20855468457234988
114,0.680509830569946,0.680509830569946,0.21137707806314962,0.21137707806314962
115,0.6788797071910881,0.6788797071910881,0.21422578699889874,0.21422578699889874
116,0.6772444301205228,0.6772444301205228,0.21710081090715347,0.21710081090715347
117,0.6756040349836964,0.6756040349836964,0.22000205179622284,0.22000205179622284
118,0.6739585580616665,0.6739585580616665,0.22292949150370345,0.22292949150370345
119,0.6723080362899286,0.6723080362899286,0.2258830770064897,0.2258830770064897
120,0.6706525072570746,0.6706525072570746,0.2288627481435904,0.2288627481435904
121,0.6689920092032763,0.6689920092032763,0.2318684375395408,0.2318684375395408
122,0.667326581018599,0.667326581018599,0.23490007053069592,0.23490007053069592
123,0.665656262241141,0.665656262241141,0.23795756509449797,0.23795756509449797
124,0.6639810930550017,0.6639810930550017,0.24104083178182872,0.24104083178182872
125,0.6623011142880679,0.6623011142880679,0.24414977365254656,0.24414977365254656
126,0.6606163674096318,0.6606163674096318,0.24728428621431198,0.24728428621431198
127,0.6589268945278287,0.6589268945278287,0.25044425736479264,0.25044425736479264
128,0.6572327383869072,0.6572327383869072,0.25362956733735126,0.25362956733735126
129,0.6555339423643081,0.6555339423643081,0.2568400886503192,0.2568400886503192
130,0.6538305504675805,0.6538305504675805,0.2600756860599374,0.2600756860599374
131,0.6521226073311236,0.6521226073311236,0.26333621651706435,0.26333621651706435
132,0.6504101582127473,0.6504101582127473,0.2666215291277421,0.2666215291277421
133,0.6486932489900635,0.6486932489900635,0.26993146511770694,0.26993146511770694
134,0.6469719261567135,0.6469719261567135,0.27326585780093254,0.27326585780093254
135,0.645246236818421,0.645246236818421,0.27662453255228575,0.27662453255228575
136,0.6435162286888892,0.6435162286888892,0.2800073067843781,0.2800073067843781
137,0.641781950085542,0.641781950085542,0.2834139899286923,0.2834139899286923
138,0.640043449925116,0.640043449925116,0.28684438342106094,0.28684438342106094
139,0.6383007777191158,0.6383007777191158,0.2902982806915566,0.2902982806915566
140,0.6365539835691514,0.6365539835691514,0.2937754671588857,0.2937754671588857
141,0.6348031181621714,0.6348031181621714,0.2972757202293248,0.2972757202293248
142,0.6330482327656145,0.6330482327656145,0.3007988093002901,0.3007988093002901
143,0.6312893792225258,0.6312893792225258,0.304344495768569,0.304344495768569
144,0.6295266099466728,0.6295266099466728,0.30791253304328914,0.30791253304328914
145,0.6277599779177192,0.6277599779177192,0.3115026665636812,0.3115026665636812
146,0.6259895366765504,0.6259895366765504,0.31511463382164895,0.31511463382164895
147,0.6242153403208419,0.6242153403208419,0.3187481643892324,0.3187481643892324
148,0.6224374435010227,0.6224374435010227,0.3224029799509731,0.3224029799509731
149,0.6206559014168277,0.6206559014168277,0.3260787943412176,0.3260787943412176
150,0.6188707698146833,0.6188707698146833,0.32977531358641293,0.32977531358641293
151,0.6170821049862852,0.6170821049862852,0.33349223595237215,0.33349223595237215
152,0.6152899637688213,0.6152899637688213,0.3372292519965781,0.3372292519965781
153,0.6134944035474554,0.6134944035474554,0.3409860446254996,0.3409860446254996
154,0.6116954822609124,0.6116954822609124,0.3447622891569451,0.3447622891569451
155,0.6098932398928201,0.6098932398928201,0.34855765338743205,0.34855765338743205
156,0.6080877665612625,0.6080877665612625,0.352371797664575,0.352371797664575
157,0.6062791074614503,0.6062791074614503,0.3562043749644505,0.3562043749644505
158,0.6044673222574325,0.6044673222574325,0.3600550309739029,0.3600550309739029
159,0.6026524710763455,0.6026524710763455,0.3639234041777074,0.3639234041777074
160,0.6008346145001423,0.6008346145001423,0.36780912595048876,0.36780912595048876
161,0.5990138135571716,0.5990138135571716,0.37171182065326785,0.37171182065326785
162,0.5971901297136037,0.5971901297136037,0.37563110573434033,0.37563110573434033
163,0.5953636248647175,0.5953636248647175,0.379566591834235,0.379566591834235
164,0.593534361326042,0.593534361326042,0.3835178828941669,0.3835178828941669
165,0.5917024018243622,0.5917024018243622,0.3874845762672617,0.3874845762672617
166,0.5898678094885869,0.5898678094885869,0.39146626283137964,0.39146626283137964
167,0.5880306478405045,0.5880306478405045,0.395462527101719,0.395462527101719
168,0.5861909807854063,0.5861909807854063,0.39947294734046424,0.39947294734046424
169,0.584348872602647,0.584348872602647,0.4034970956590957,0.4034970956590957
170,0.5825043879361207,0.5825043879361207,0.40753453810661067,0.40753453810661067
171,0.5806575917847869,0.5806575917847869,0.41158483473280605,0.41158483473280605
172,0.5788085494933457,0.5788085494933457,0.41564753960943873,0.41564753960943873
173,0.5769573267433217,0.5769573267433217,0.41972220078177236,0.41972220078177236
174,0.5751039895451191,0.5751039895451191,0.42380836010585493,0.42380836010585493
175,0.5732486042320044,0.5732486042320044,0.4279056464474533,0.4279056464474533
176,0.5713912374580389,0.5713912374580389,0.432013449708624,0.432013449708624
177,0.5695319562039323,0.5695319562039323,0.4361313610935441,0.4361313610935441
178,0.5676708277986703,0.5676708277986703,0.4402589053961219,0.4402589053961219
179,0.5658079199727764,0.5658079199727764,0.44439560295847147,0.44439560295847147
180,0.5639433009751779,0.5639433009751779,0.4485409698523355,0.4485409698523355
181,0.5620770398185061,0.5620770398185061,0.452694518063825,0.452694518063825
182,0.5602092067854708,0.5602092067854708,0.45685575568065456,0.45685575568065456
183,0.5583398744689577,0.5583398744689577,0.4610241870804692,0.4610241870804692
184,0.5564690526156548,0.5564690526156548,0.4651993131158103,0.4651993131158103
185,0.5545968945920157,0.5545968945920157,0.4693806312829578,0.4693806312829578
186,0.5527234355803591,0.5527234355803591,0.4735676358354865,0.4735676358354865
187,0.550848744831381,0.550848744831381,0.47775981772008513,0.47775981772008513
188,0.5489728917733403,0.5489728917733403,0.4819566639422387,0.4819566639422387
189,0.5470959460200888,0.5470959460200888,0.48615765507332775,0.48615765507332775
190,0.5452179774553401,0.5452179774553401,0.49036225656301863,0.49036225656301863
191,0.543339056706308,0.543339056706308,0.49456988887908465,0.49456988887908465
192,0.5414592576695338,0.5414592576695338,0.4987804359585678,0.4987804359585678
193,0.5395786712410675,0.5395786712410675,0.5029928742689732,0.5029928742689732
194,0.5376972711322248,0.5376972711322248,0.5072068672269731,0.5072068672269731
195,0.5358152377655527,0.5358152377655527,0.5114218830328303,0.5114218830328303
196,0.5339326042862811,0.5339326042862811,0.5156372554639074,0.5156372554639074
197,0.532049551609214,0.532049551609214,0.5198529327127981,0.5198529327127981
198,0.5301658155370521,0.5301658155370521,0.5240675089691794,0.5240675089691794
199,0.5283207800811717,0.5283207800811717,0.528232552000684,0.528232552000684
200,0.5283207800811717,0.528232552000684,0.5283207800811717,0.528232552000684
201,0.5301587426407951,0.5240833222615618,0.5301587426407951,0.5240833222615618
202,0.5320354120207353,0.5198845871845555,0.5320354120207353,0.5198845871845555
203,0.533911395063017,0.5156847347460211,0.533911395063017,0.5156847347460211
204,0.5357869671690545,0.5114851922991134,0.5357869671690545,0.5114851922991134
205,0.5376619448145458,0.5072859899643738,0.5376619448145458,0.5072859899643738
206,0.5395362970565493,0.5030877926293362,0.5395362970565493,0.5030877926293362
207,0.541409840086136,0.4988911265536011,0.541409840086136,0.4988911265536011
208,0.543282604561685,0.494696509326766,0.543282604561685,0.494696509326766
209,0.5451544996569883,0.4905043959006093,0.5451544996569883,0.4905043959006093
210,0.5470254521017335,0.48631546315501245,0.5470254521017335,0.48631546315501245
211,0.5488953920138473,0.4821300932535565,0.5488953920138473,0.4821300932535565
212,0.5507642502788901,0.4779488156865758,0.5507642502788901,0.4779488156865758
213,0.5526319580554909,0.4737721444412007,0.5526319580554909,0.4737721444412007
214,0.5544984466862884,0.4696005869727965,0.5544984466862884,0.4696005869727965
215,0.5563636476886785,0.4654346467962385,0.5563636476886785,0.4654346467962385
216,0.5582275280655029,0.461274824156284,0.5582275280655029,0.461274824156284
217,0.5600899317094976,0.45712161610654584,0.5600899317094976,0.45712161610654584
218,0.5619508520222141,0.4529755164034397,0.5619508520222141,0.4529755164034397
219,0.5638102170197854,0.4488370153422693,0.5638102170197854,0.4488370153422693
220,0.5656679570922223,0.4447065995761598,0.5656679570922223,0.4447065995761598
221,0.5675240039312108,0.44058475193129704,0.5675240039312108,0.44058475193129704
222,0.5693782900066796,0.4364719512230102,0.5693782900066796,0.4364719512230102
223,0.5712307483123508,0.43236867207427604,0.5712307483123508,0.43236867207427604
224,0.5730813122439423,0.4282753847373889,0.5730813122439423,0.4282753847373889
225,0.5749299155432066,0.4241924906995618,0.5749299155432066,0.4241924906995618
226,0.5767764922747601,0.420120600929259,0.5767764922747601,0.420120600929259
227,0.5786209768193405,0.4160600784030813,0.5786209768193405,0.4160600784030813
228,0.5804633038753204,0.4120113767473624,0.5804633038753204,0.4120113767473624
229,0.5823034084643065,0.40797494346692803,0.5823034084643065,0.40797494346692803
230,0.5841412259388361,0.40395122011963847,0.5841412259388361,0.40395122011963847
231,0.5859766919910306,0.3999406423734394,0.5859766919910306,0.3999406423734394
232,0.5878097426617311,0.3959436399915467,0.5878097426617311,0.3959436399915467
233,0.5896403143497885,0.39196063677401977,0.5896403143497885,0.39196063677401977
234,0.5914683438213967,0.38799205047344765,0.5914683438213967,0.38799205047344765
235,0.5932937682193877,0.38403829269577816,0.5932937682193877,0.38403829269577816
236,0.5951165250724232,0.38009976879335383,0.5951165250724232,0.38009976879335383
237,0.5969365523040967,0.37617687775458986,0.5969365523040967,0.37617687775458986
238,0.5987537882419102,0.37227001209315613,0.5987537882419102,0.37227001209315613
239,0.6005681716261151,0.3683795577385455,0.6005681716261151,0.3683795577385455
240,0.602379641618424,0.36450589392918187,0.602379641618424,0.36450589392918187
241,0.604188137810589,0.36064939310890853,0.604188137810589,0.36064939310890853
242,0.6059936002328311,0.3568104208273512,0.6059936002328311,0.3568104208273512
243,0.6077959693621247,0.352989335644523,0.6077959693621247,0.352989335644523
244,0.609595186130346,0.3491864890398882,0.609595186130346,0.3491864890398882
245,0.6113912066069345,0.3454022253260693,0.6113912066069345,0.3454022253260693
246,0.6131839397441953,0.3416368815673019,0.6131839397441953,0.3416368815673019
247,0.6149733469962968,0.337890787502687,0.6149733469962968,0.337890787502687
248,0.6167593709782814,0.33416426547431666,0.6167593709782814,0.33416426547431666
249,0.6185419548518486,0.33045763036030323,0.6185419548518486,0.33045763036030323
250,0.6203210423192231,0.3267711895127052,0.6203210423192231,0.3267711895127052
251,0.6220965776202358,0.3231052427003778,0.6220965776202358,0.3231052427003778
252,0.6238685055317397,0.31946008205673465,0.6238685055317397,0.31946008205673465
253,0.6256367713687438,0.31583599203242413,0.6256367713687438,0.31583599203242413
254,0.6274013209867825,0.3122332493528782,0.6274013209867825,0.3122332493528782
255,0.629162100785159,0.30865212298074185,0.629162100785159,0.30865212298074185
256,0.630919057710807,0.3050928740831444,0.630919057710807,0.3050928740831444
257,0.6326721392625739,0.30155575600376106,0.6326721392625739,0.30155575600376106
258,0.6344212934957703,0.2980410142396674,0.6344212934957703,0.2980410142396674
259,0.6361664690268801,0.2945488864229097,0.6361664690268801,0.2945488864229097
260,0.6379076150383449,0.2910796023067738,0.6379076150383449,0.2910796023067738
261,0.6396446812833695,0.28763338375667624,0.6396446812833695,0.28763338375667624
262,0.6413776180906795,0.28421044474565765,0.6413776180906795,0.28421044474565765
263,0.6431063763692297,0.2808109913543881,0.6431063763692297,0.2808109913543881
264,0.6448309076127993,0.27743522177565494,0.6448309076127993,0.27743522177565494
265,0.646551163904484,0.27408332632324695,0.646551163904484,0.27408332632324695
266,0.648267097921052,0.27075548744518,0.648267097921052,0.27075548744518
267,0.6499786629371619,0.2674518797411936,0.6499786629371619,0.2674518797411936
268,0.6516858128294294,0.26417266998444106,0.6516858128294294,0.26417266998444106
269,0.6533885020803332,0.2609180171473063,0.6533885020803332,0.2609180171473063
270,0.6550866857819662,0.25768807243125347,0.6550866857819662,0.25768807243125347
271,0.65678031963962,0.25448297930065356,0.65678031963962,0.25448297930065356
272,0.6584693599751947,0.25130287352047903,0.6584693599751947,0.25130287352047903
273,0.660153763730455,0.2481478831977892,0.660153763730455,0.2481478831977892
274,0.6618334884700965,0.24501812882693863,0.6618334884700965,0.24501812882693863
275,0.663508492384656,0.24191372333837982,0.663508492384656,0.24191372333837982
276,0.6651787342932415,0.23883477215101082,0.6651787342932415,0.23883477215101082
277,0.6668441736460987,0.2357813732279355,0.6668441736460987,0.2357813732279355
278,0.6685047705269896,0.2327536171355782,0.6685047705269896,0.2327536171355782
279,0.6701604856554217,0.22975158710602175,0.6701604856554217,0.22975158710602175
280,0.6718112803886856,0.22677535910250238,0.6718112803886856,0.22677535910250238
281,0.6734571167237351,0.22382500188793547,0.6734571167237351,0.22382500188793547
282,0.6750979572988937,0.22090057709639233,0.6750979572988937,0.22090057709639233
283,0.6767337653953898,0.21800213930741644,0.6767337653953898,0.21800213930741644
284,0.6783645049387275,0.21512970715162957,0.6783645049387275,0.21512970715162957
285,0.6799901404998899,0.21228338280855422,0.6799901404998899,0.21228338280855422
286,0.681610637296374,0.2094631672255766,0.681610637296374,0.2094631672255766
287,0.6832259611930637,0.2066690876157518,0.6832259611930637,0.2066690876157518
288,0.6848360787029393,0.20390116454114246,0.6848360787029393,0.20390116454114246
289,0.6864409569876248,0.20115941200296536,0.6864409569876248,0.20115941200296536
290,0.6880405638577696,0.19844383753373582,0.6880405638577696,0.19844383753373582
291,0.6896348677732833,0.1957544422913165,0.6896348677732833,0.1957544422913165
292,0.691223837843399,0.19309122115478852,0.691223837843399,0.19309122115478852
293,0.6928074438265894,0.19045416282205133,0.6928074438265894,0.19045416282205133
294,0.6943856561303264,0.18784324990905543,0.6943856561303264,0.18784324990905543
295,0.695958445810685,0.18525845905058774,0.695958445810685,0.18525845905058774
296,0.6975257845718027,0.18269976100249785,0.6975257845718027,0.18269976100249785
297,0.6990876447651826,0.18016712074528593,0.6990876447651826,0.18016712074528593
298,0.7006439993888546,0.17766049758895372,0.7006439993888546,0.17766049758895372
299,0.7021948220863861,0.17517984527902028,0.7021948220863861,0.17517984527902028
300,0.7037400871457561,0.17272511210361438,0.7037400871457561,0.17272511210361438
301,0.7052797694980809,0.17029624100154503,0.7052797694980809,0.17029624100154503
302,0.7068138447162028,0.16789316967126633,0.7068138447162028,0.16789316967126633
303,0.7083422890131443,0.16551583068062836,0.7083422890131443,0.16551583068062836
304,0.7098650792404201,0.1631641515773442,0.7098650792404201,0.1631641515773442
305,0.7113821928862243,0.16083805500006237,0.7113821928862243,0.16083805500006237
306,0.7128936080734767,0.1585374587899743,0.7128936080734767,0.1585374587899743
307,0.71439930355775,0.15626227610285137,0.71439930355775,0.15626227610285137
308,0.7158992587250627,0.15401241552144423,0.7158992587250627,0.15401241552144423
309,0.7173934535895498,0.15178778116814148,0.7173934535895498,0.15178778116814148
310,0.718881868791013,0.14958827281781892,0.718881868791013,0.14958827281781892
311,0.7203644855923492,0.1474137860107879,0.7203644855923492,0.1474137860107879
312,0.72184128587686,0.1452642121657693,0.72184128587686,0.1452642121657693
313,0.723312252145449,0.14313943869281162,0.723312252145449,0.14313943869281162
314,0.7247773675137003,0.14103934910607838,0.7247773675137003,0.14103934910607838
315,0.7262366157088557,0.13896382313642738,0.7262366157088557,0.13896382313642738
316,0.7276899810666737,0.1369127368437132,0.7276899810666737,0.1369127368437132
317,0.7291374485281876,0.13488596272873996,0.7291374485281876,0.13488596272873996
318,0.7305790036363601,0.13288336984479393,0.7305790036363601,0.13288336984479393
319,0.7320146325326334,0.1309048239086958,0.7320146325326334,0.1309048239086958
320,0.7334443219533869,0.1289501874112943,0.7334443219533869,0.1289501874112943
321,0.7348680592262892,0.12701931972735653,0.7348680592262892,0.12701931972735653
322,0.7362858322665669,0.12511207722477677,0.7362858322665669,0.12511207722477677
323,0.7376976295731718,0.12322831337305701,0.7376976295731718,0.12322831337305701
324,0.7391034470618671,0.121367878850997,0.7391034470618671,0.121367878850997
325,0.7405032599819187,0.11953062165354102,0.7405032599819187,0.11953062165354102
326,0.7418970662069172,0.11771638719772635,0.7418970662069172,0.11771638719772635
327,0.7432848565220845,0.11592501842768782,0.7432848565220845,0.11592501842768782
328,0.7446666222768901,0.11415635591866356,0.7446666222768901,0.11415635591866356
329,0.7460423553806209,0.11241023797996266,0.7460423553806209,0.11241023797996266
330,0.7474120482978885,0.1106865007568445,0.7474120482978885,0.1106865007568445
331,0.7487756940440735,0.10898497833127054,0.7487756940440735,0.10898497833127054
332,0.7501332861807092,0.10730550282148828,0.7501332861807092,0.10730550282148828
333,0.751484818810808,0.10564790448040794,0.751484818810808,0.10564790448040794
334,0.7528302865741303,0.1040120117927374,0.7528302865741303,0.1040120117927374
335,0.7541696846423966,0.10239765157084012,0.7541696846423966,0.10239765157084012
336,0.755503008714444,0.1008046490492828,0.755503008714444,0.1008046490492828
337,0.7568302550113336,0.09923282797804638,0.7568302550113336,0.09923282797804638
338,0.7581514202714058,0.09768201071436759,0.7581514202714058,0.09768201071436759
339,0.7594665017452834,0.09615201831318602,0.7594665017452834,0.09615201831318602
340,0.7607754971908346,0.09464267061617566,0.7607754971908346,0.09464267061617566
341,0.7620784048680823,0.09315378633933195,0.7620784048680823,0.09315378633933195
342,0.7633752235340797,0.09168518315909863,0.7633752235340797,0.09168518315909863
343,0.7646659524377337,0.09023667779701236,0.7646659524377337,0.09023667779701236
344,0.7659505913145996,0.08880808610285022,0.7659505913145996,0.08880808610285022
345,0.7672291403816329,0.08739922313626099,0.7672291403816329,0.08739922313626099
346,0.7685016003319033,0.08600990324686916,0.7685016003319033,0.08600990324686916
347,0.7697679723292831,0.08463994015283911,0.7697679723292831,0.08463994015283911
348,0.7710282580030973,0.08328914701788603,0.7710282580030973,0.08328914701788603
349,0.7722824594427451,0.08195733652672828,0.7722824594427451,0.08195733652672828
350,0.7735305791923003,0.08064432095896967,0.7735305791923003,0.08064432095896967
351,0.7747726202450775,0.0793499122614097,0.7747726202450775,0.0793499122614097
352,0.77600858603818,0.07807392211877143,0.77600858603818,0.07807392211877143
353,0.7772384804470249,0.07681616202285028,0.7772384804470249,0.07681616202285028
354,0.7784623077798485,0.07557644334007721,0.7784623077798485,0.07557644334007721
355,0.7796800727721948,0.07435457737749533,0.7796800727721948,0.07435457737749533
356,0.7808917805813852,0.07315037544715568,0.7808917805813852,0.07315037544715568
357,0.7820974367809793,0.07196364892892668,0.7820974367809793,0.07196364892892668
358,0.7832970473552181,0.07079420933172802,0.7832970473552181,0.07079420933172802
359,0.7844906186934588,0.06964186835318723,0.7844906186934588,0.06964186835318723
360,0.7856781575846045,0.06850643793772766,0.7856781575846045,0.06850643793772766
361,0.7868596712115221,0.06738773033309363,0.7868596712115221,0.06738773033309363
362,0.7880351671454561,0.0662855581453191,0.7880351671454561,0.0662855581453191
363,0.789204653340443,0.06519973439215156,0.789204653340443,0.06519973439215156
364,0.7903681381277184,0.0641300725549358,0.7903681381277184,0.0641300725549358
365,0.7915256302101287,0.06307638662897277,0.7915256302101287,0.06307638662897277
366,0.7926771386565405,0.06203849117236252,0.7926771386565405,0.06203849117236252
367,0.793822672896259,0.061016201353342535,0.793822672896259,0.061016201353342535
368,0.7949622427134434,0.06000933299613692,0.7949622427134434,0.06000933299613692
369,0.7960958582415358,0.05901770262532814,0.7960958582415358,0.05901770262532814
370,0.7972235299576944,0.05804112750876613,0.7972235299576944,0.05804112750876613
371,0.7983452686772353,0.05707942569903112,0.7983452686772353,0.05707942569903112
372,0.7994610855480883,0.056132416073463726,0.7994610855480883,0.056132416073463726
373,0.8005709920452615,0.055199918372781646,0.8005709920452615,0.055199918372781646
374,0.8016749999653229,0.05428175323829681,0.8016749999653229,0.05428175323829681
375,0.8027731214208946,0.05337774224775311,0.8027731214208946,0.05337774224775311
376,0.803865368835162,0.052487707949800774,0.803865368835162,0.052487707949800774
377,0.8049517549364059,0.05161147389712801,0.8049517549364059,0.05161147389712801
378,0.8060322927525474,0.050748864678266246,0.8060322927525474,0.050748864678266246
379,0.8071069956057179,0.049899705948090504,0.8071069956057179,0.049899705948090504
380,0.8081758771068456,0.04906382445703454,0.8081758771068456,0.04906382445703454
381,0.8092389511502691,0.04824104807903837,0.8092389511502691,0.04824104807903837
382,0.8102962319083714,0.0474312058382522,0.8102962319083714,0.0474312058382522
383,0.8113477338262401,0.04663412793451491,0.8113477338262401,0.04663412793451491
384,0.8123934716163543,0.04584964576762833,0.8123934716163543,0.04584964576762833
385,0.8134334602532943,0.045077591960449866,0.8134334602532943,0.045077591960449866
386,0.8144677149684841,0.044317800380823245,0.8144677149684841,0.044317800380823245
387,0.8154962512449611,0.04357010616237006,0.8154962512449611,0.04357010616237006
388,0.8165190848121735,0.04283434572416275,0.8165190848121735,0.04283434572416275
389,0.8175362316408109,0.042110356789302326,0.8175362316408109,0.042110356789302326
390,0.8185477079376658,0.04139797840242122,0.8185477079376658,0.04139797840242122
391,0.8195535301405286,0.040697050946133864,0.8195535301405286,0.040697050946133864
392,0.8205537149131106,0.040007416156458336,0.8205537149131106,0.040007416156458336
393,0.8215482791400124,0.03932891713722826,0.8215482791400124,0.03932891713722826
394,0.8225372399217136,0.03866139837352011,0.8225372399217136,0.03866139837352011
395,0.8235206145696088,0.03800470574411642,0.8235206145696088,0.03800470574411642
396,0.8244984206010746,0.037358686533026625,0.8244984206010746,0.037358686533026625
397,0.8254706757345741,0.03672318944008908,0.8254706757345741,0.03672318944008908
398,0.8264373978848036,0.03609806459067452,0.8264373978848036,0.03609806459067452
399,0.8273986051578691,0.03548316354451479,0.8273986051578691,0.03548316354451479
400,0.8283543158465122,0.034878339303675815,0.8283543158465122,0.034878339303675815
401,0.829304548425364,0.034283446319699866,0.829304548425364,0.034283446319699866
402,0.8302493215462535,0.033698340499935885,0.8302493215462535,0.033698340499935885
403,0.8311886540335405,0.03312287921308039,0.8311886540335405,0.03312287921308039
404,0.8321225648795032,0.03255692129395101,0.8321225648795032,0.03255692129395101
405,0.8330510732397591,0.03200032704751164,0.8330510732397591,0.03200032704751164
406,0.8339741984287331,0.03145295825217218,0.8339741984287331,0.03145295825217218
407,0.834891959915163,0.03091467816238284,0.834891959915163,0.03091467816238284
408,0.8358043773176538,0.03038535151054233,0.8358043773176538,0.03038535151054233
409,0.8367114704002707,0.029864844508242495,0.8367114704002707,0.029864844508242495
410,0.8376132590681787,0.02935302484686746,0.8376132590681787,0.02935302484686746
411,0.8385097633633226,0.028849761697568203,0.8385097633633226,0.028849761697568203
412,0.8394010034601557,0.02835492571063178,0.8394010034601557,0.02835492571063178
413,0.8402869996614123,0.027868389014264267,0.8402869996614123,0.027868389014264267
414,0.8411677723939206,0.027390025212807353,0.8411677723939206,0.027390025212807353
415,0.8420433422044654,0.026919709384406583,0.8420433422044654,0.026919709384406583
416,0.8429137297556974,0.02645731807814988,0.8429137297556974,0.02645731807814988
417,0.8437789558220815,0.02600272931069521,0.8437789558220815,0.02600272931069521
418,0.8446390412858967,0.02555582256240468,0.8446390412858967,0.02555582256240468
419,0.8454940071332805,0.02511647877300358,0.8454940071332805,0.02511647877300358
420,0.8463438744503186,0.024684580336780452,0.8463438744503186,0.024684580336780452
421,0.8471886644191797,0.024260011097347163,0.8471886644191797,0.024260011097347163
422,0.8480283983143014,0.023842656341974206,0.8480283983143014,0.023842656341974206
423,0.848863097498614,0.023432402795518333,0.848863097498614,0.023432402795518333
424,0.8496927834198218,0.02302913861395962,0.8496927834198218,0.02302913861395962
425,0.850517477606719,0.0226327533775617,0.850517477606719,0.0226327533775617
426,0.8513372016655637,0.022243138083673737,0.8513372016655637,0.022243138083673737
427,0.8521519772764885,0.02186018513918668,0.8521519772764885,0.02186018513918668
428,0.8529618261899651,0.021483788352660675,0.8529618261899651,0.021483788352660675
429,0.8537667702233105,0.02111384292613746,0.8537667702233105,0.02111384292613746
430,0.8545668312572426,0.020750245446652462,0.8545668312572426,0.020750245446652462
431,0.8553620312324814,0.020392893877460648,0.8553620312324814,0.020392893877460648
432,0.8561523921463957,0.020041687548989717,0.8561523921463957,0.020041687548989717
433,0.8569379360496998,0.019696527149534397,0.8569379360496998,0.019696527149534397
434,0.8577186850431897,0.019357314715704597,0.8577186850431897,0.019357314715704597
435,0.8584946612745329,0.019023953622641265,0.8584946612745329,0.019023953622641265
436,0.8592658869350999,0.01869634857401074,0.8592658869350999,0.01869634857401074
437,0.8600323842568423,0.018374405591791848,0.8600323842568423,0.018374405591791848
438,0.8607941755092179,0.01805803200586626,0.8607941755092179,0.01805803200586626
439,0.8615512829961604,0.01774713644342447,0.8615512829961604,0.01774713644342447
440,0.8623037290530939,0.01744162881819832,0.8623037290530939,0.01744162881819832
441,0.8630515360439965,0.017141420319531732,0.8630515360439965,0.017141420319531732
442,0.8637947263585031,0.016846423401299892,0.8637947263585031,0.016846423401299892
443,0.8645333224090594,0.01655655177068725,0.8645333224090594,0.01655655177068725
444,0.8652673466281142,0.016271720376835545,0.8652673466281142,0.016271720376835545
445,0.8659968214653644,0.015991845399370246,0.8659968214653644,0.015991845399370246
446,0.8667217693850338,0.015716844236816588,0.8667217693850338,0.015716844236816588
447,0.8674422128632084,0.015446635494913288,0.8674422128632084,0.015446635494913288
448,0.8681581743852022,0.015181138974833988,0.8681581743852022,0.015181138974833988
449,0.8688696764429796,0.014920275661324693,0.8688696764429796,0.014920275661324693
450,0.8695767415326112,0.014663967710765839,0.8695767415326112,0.014663967710765839
451,0.8702793921517761,0.01441213843916765,0.8702793921517761,0.01441213843916765
452,0.870977650797311,0.014164712310106225,0.870977650797311,0.014164712310106225
453,0.8716715399627942,0.013921614922608723,0.8716715399627942,0.013921614922608723
454,0.8723610821361784,0.013682772998994754,0.8723610821361784,0.013682772998994754
455,0.8730462997974606,0.013448114372681636,0.8730462997974606,0.013448114372681636
456,0.8737272154163995,0.013217567975960125,0.8737272154163995,0.013217567975960125
457,0.8744038514502664,0.012991063827747718,0.8744038514502664,0.012991063827747718
458,0.8750762303416445,0.012768533021326505,0.8750762303416445,0.012768533021326505
459,0.8757443745162652,0.012549907712070606,0.8757443745162652,0.012549907712070606
460,0.8764083063808843,0.012335121105171184,0.8764083063808843,0.012335121105171184
461,0.8770680483212001,0.012124107443363194,0.8770680483212001,0.012124107443363194
462,0.8777236226998107,0.011916801994660565,0.8777236226998107,0.011916801994660565
463,0.8783750518542104,0.01171314104010522,0.8783750518542104,0.01171314104010522
464,0.8790223580948258,0.011513061861534765,0.8790223580948258,0.011513061861534765
465,0.8796655637030877,0.011316502729374194,0.8796655637030877,0.011316502729374194
466,0.8803046909295463,0.011123402890456626,0.8803046909295463,0.011123402890456626
467,0.8809397619920231,0.010933702555877342,0.8809397619920231,0.010933702555877342
468,0.8815707990737925,0.01074734288888605,0.8815707990737925,0.01074734288888605
469,0.8821978243218158,0.010564265992821223,0.8821978243218158,0.010564265992821223
470,0.8828208598449977,0.010384414899091064,0.8828208598449977,0.010384414899091064
471,0.8834399277124875,0.010207733555204669,0.8834399277124875,0.010207733555204669
472,0.8840550499520147,0.010034166812857464,0.8840550499520147,0.010034166812857464
473,0.8846662485482585,0.009863660416074185,0.8846662485482585,0.009863660416074185
474,0.8852735454412565,0.009696160989413038,0.8852735454412565,0.009696160989413038
475,0.8858769625248429,0.009531616026234408,0.8858769625248429,0.009531616026234408
476,0.8864765216451288,0.00936997387703689,0.8864765216451288,0.00936997387703689
477,0.8870722445990099,0.009211183737863856,0.8870722445990099,0.009211183737863856
478,0.8876641531327109,0.00905519563878338,0.8876641531327109,0.00905519563878338
479,0.8882522689403659,0.008901960432443951,0.8882522689403659,0.008901960432443951
480,0.8888366136626265,0.00875142978270886,0.8888366136626265,0.00875142978270886
481,0.8894172088853103,0.008603556153371193,0.8894172088853103,0.008603556153371193
482,0.8899940761380711,0.008458292796952144,0.8899940761380711,0.008458292796952144
483,0.8905672368931137,0.00831559374358436,0.8905672368931137,0.00831559374358436
484,0.891136712563929,0.008175413789982669,0.891136712563929,0.008175413789982669
485,0.8917025245040701,0.008037708488503811,0.8917025245040701,0.008037708488503811
486,0.8922646940059497,0.00790243413629701,0.8922646940059497,0.00790243413629701
487,0.8928232422996765,0.007769547764547023,0.8928232422996765,0.007769547764547023
488,0.893378190551917,0.007639007127811275,0.893378190551917,0.007639007127811275
489,0.8939295598647878,0.007510770693452389,0.8939295598647878,0.007510770693452389
490,0.8944773712747789,0.007384797631167328,0.8944773712747789,0.007384797631167328
491,0.8950216457517011,0.007261047802614736,0.8950216457517011,0.007261047802614736
492,0.8955624041976716,0.007139481751141165,0.8955624041976716,0.007139481751141165
493,0.8960996674461167,0.007020060691607465,0.8960996674461167,0.007020060691607465
494,0.8966334562608094,0.0069027465003161205,0.8966334562608094,0.0069027465003161205
495,0.8971637913349317,0.0067875017050406,0.8971637913349317,0.0067875017050406
496,0.897690693290167,0.006674289475157065,0.897690693290167,0.006674289475157065
497,0.8982141826758142,0.006563073611879618,0.8982141826758142,0.006563073611879618
498,0.8987342799679329,0.0064538185385992035,0.8987342799679329,0.0064538185385992035
499,0.8992510055685115,0.006346489291326947,0.8992510055685115,0.006346489291326947
500,0.899764379804663,0.006241051509242375,0.899764379804663,0.006241051509242375
501,0.9002744229278435,0.006137471425346686,0.9002744229278435,0.006137471425346686
502,0.9007811551131003,0.0060357158572215885,0.9007811551131003,0.0060357158572215885
503,0.9012845964583357,0.005935752197893781,0.9012845964583357,0.005935752197893781
504,0.9017847669836079,0.005837548406805265,0.9017847669836079,0.005837548406805265
505,0.9022816866304417,0.00574107170235546,0.9022816866304417,0.00574107170235546
506,0.9027753752611734,0.005646293810405326,0.9027753752611734,0.005646293810405326
507,0.9032658526583124,0.005553182971638593,0.9032658526583124,0.005553182971638593
508,0.9037531385239298,0.005461709323144373,0.9037531385239298,0.005461709323144373
509,0.9042372524790638,0.005371843524859774,0.9042372524790638,0.005371843524859774
510,0.9047182140631542,0.005283556751175989,0.9047182140631542,0.005283556751175989
511,0.9051960427334942,0.005196820682649796,0.9051960427334942,0.005196820682649796
512,0.9056707578647025,0.005111607497820152,0.9056707578647025,0.005111607497820152
513,0.906142378748219,0.005027889865129743,0.906142378748219,0.005027889865129743
514,0.9066109245918201,0.004945640934950741,0.9066109245918201,0.004945640934950741
515,0.9070764145191572,0.004864834331714887,0.9070764145191572,0.004864834331714887
516,0.9075388675693065,0.004785444146147078,0.9075388675693065,0.004785444146147078
517,0.9079983026963511,0.0047074449276021686,0.9079983026963511,0.0047074449276021686
518,0.908454738768969,0.00463081167650445,0.908454738768969,0.00463081167650445
519,0.908908194570053,0.004555519836889332,0.908908194570053,0.004555519836889332
520,0.9093586887963379,0.004481545289046511,0.9093586887963379,0.004481545289046511
521,0.9098062400580551,0.004408864342264216,0.9098062400580551,0.004408864342264216
522,0.9102508668785978,0.004337453727673764,0.9102508668785978,0.004337453727673764
523,0.9106925876942092,0.0042672905911938655,0.9106925876942092,0.0042672905911938655
524,0.9111314208536857,0.004198352486573997,0.9111314208536857,0.004198352486573997
525,0.9115673846180992,0.004130617368536064,0.9115673846180992,0.004130617368536064
526,0.9120004971605311,0.004064063586013713,0.9120004971605311,0.004064063586013713
527,0.9124307765658308,0.003998669875488597,0.9124307765658308,0.003998669875488597
528,0.9128582408303801,0.003934415354422649,0.9128582408303801,0.003934415354422649
529,0.913282907861887,0.0038712795147857687,0.913282907861887,0.0038712795147857687
530,0.91370479547918,0.003809242216678117,0.91370479547918,0.003809242216678117
531,0.9141239214120295,0.003748283682046002,0.9141239214120295,0.003748283682046002
532,0.9145403033009779,0.003688384488490787,0.9145403033009779,0.003688384488490787
533,0.9149539586971874,0.003629525563169835,0.9149539586971874,0.003629525563169835
534,0.9153649050622987,0.0035716881767886735,0.9153649050622987,0.0035716881767886735
535,0.9157731597683104,0.0035148539376834466,0.9157731597683104,0.0035148539376834466
536,0.9161787400974645,0.0034590047859929334,0.9161787400974645,0.0034590047859929334
537,0.9165816632421494,0.0034041229879190737,0.9165816632421494,0.0034041229879190737
538,0.9169819463048201,0.0033501911300751917,0.9169819463048201,0.0033501911300751917
539,0.917379606297921,0.003297192113921026,0.917379606297921,0.003297192113921026
540,0.9177746601438328,0.003245109150283608,0.9177746601438328,0.003245109150283608
541,0.9181671246748256,0.003193925753963077,0.9181671246748256,0.003193925753963077
542,0.9185570166330258,0.0031436257384225563,0.9185570166330258,0.0031436257384225563
543,0.9189443526703949,0.0030941932105611313,0.9189443526703949,0.0030941932105611313
544,0.9193291493487187,0.0030456125655689385,0.9193291493487187,0.0030456125655689385
545,0.9197114231396123,0.0029978684818635602,0.9197114231396123,0.0029978684818635602
546,0.9200911904245334,0.0029509459161066337,0.9200911904245334,0.0029509459161066337
547,0.9204684674948046,0.0029048300982999183,0.9204684674948046,0.0029048300982999183
548,0.9208432705516503,0.0028595065269596313,0.9208432705516503,0.0028595065269596313
549,0.921215615706243,0.002814960964368386,0.921215615706243,0.002814960964368386
550,0.921585518979759,0.002771179431903578,0.921585518979759,0.002771179431903578
551,0.9219529963034472,0.002728148205441344,0.9219529963034472,0.002728148205441344
552,0.9223180635187024,0.0026858538108352095,0.9223180635187024,0.0026858538108352095
553,0.9226807363771522,0.002644283019468404,0.9226807363771522,0.002644283019468404
554,0.9230410305407545,0.002603422843878897,0.9230410305407545,0.002603422843878897
555,0.9233989615819007,0.002563260533456329,0.9233989615819007,0.002563260533456329
556,0.923754544983531,0.0025237835702097804,0.923754544983531,0.0025237835702097804
557,0.9241077961392554,0.0024849796646054675,0.9241077961392554,0.0024849796646054675
558,0.9244587303534859,0.002446836751473537,0.9244587303534859,0.002446836751473537
559,0.9248073628415763,0.0024093429859828887,0.9248073628415763,0.0024093429859828887
560,0.9251537087299707,0.00237248673968321,0.9251537087299707,0.00237248673968321
561,0.9254977830563603,0.00233625659661328,0.9254977830563603,0.00233625659661328
562,0.9258396007698445,0.0023006413494746133,0.9258396007698445,0.0023006413494746133
563,0.926179176731103,0.0022656299958695378,0.926179176731103,0.0022656299958695378
564,0.9265165257125785,0.0022312117346028355,0.9265165257125785,0.0022312117346028355
565,0.9268516623986581,0.002197375962046047,0.9268516623986581,0.002197375962046047
566,0.9271846013858697,0.0021641122685634854,0.9271846013858697,0.0021641122685634854
567,0.9275153571830792,0.0021314104349991975,0.9275153571830792,0.0021314104349991975
568,0.927843944211701,0.002099260429223857,0.927843944211701,0.002099260429223857
569,0.9281703768059082,0.0020676524027408243,0.9281703768059082,0.0020676524027408243
570,0.928494669212855,0.0020365766873504955,0.928494669212855,0.0020365766873504955
571,0.9288168355928996,0.0020060237918720055,0.9288168355928996,0.0020060237918720055
572,0.9291368900198377,0.0019759843989215343,0.9291368900198377,0.0019759843989215343
573,0.9294548464811426,0.0019464493617463304,0.9294548464811426,0.0019464493617463304
574,0.9297707188782043,0.0019174097011135994,0.9297707188782043,0.0019174097011135994
575,0.9300845210265807,0.0018888566022534589,0.9300845210265807,0.0018888566022534589
576,0.9303962666562532,0.0018607814118551556,0.9303962666562532,0.0018607814118551556
577,0.9307059694118844,0.0018331756351156678,0.9307059694118844,0.0018331756351156678
578,0.9310136428530825,0.0018060309328399645,0.9310136428530825,0.0018060309328399645
579,0.9313193004546739,0.0017793391185920806,0.9313193004546739,0.0017793391185920806
580,0.9316229556069734,0.001753092155896247,0.9316229556069734,0.001753092155896247
581,0.9319246216160667,0.0017272821554872497,0.9319246216160667,0.0017272821554872497
582,0.9322243117040918,0.0017019013726093225,0.9322243117040918,0.0017019013726093225
583,0.932522039009527,0.001676942204362732,0.932522039009527,0.001676942204362732
584,0.9328178165874847,0.0016523971870973713,0.9328178165874847,0.0016523971870973713
585,0.9331116574100045,0.0016282589938525591,0.9331116574100045,0.0016282589938525591
586,0.9334035743663573,0.0016045204318423348,0.9334035743663573,0.0016045204318423348
587,0.9336935821315887,0.0015811744399855208,0.9336935821315887,0.0015811744399855208
588,0.9339816896340705,0.001558214086479831,0.9339816896340705,0.001558214086479831
589,0.9342679114466752,0.0015356325664193143,0.9342679114466752,0.0015356325664193143
590,0.9345522601305885,0.0015134231994544086,0.9345522601305885,0.0015134231994544086
591,0.9348347481657818,0.0014915794274939513,0.9348347481657818,0.0014915794274939513
592,0.9351153879513334,0.0014700948124484413,0.9351153879513334,0.0014700948124484413
593,0.9353941918057534,0.001448963034013829,0.9353941918057534,0.001448963034013829
594,0.9356711719673105,0.0014281778874952844,0.9356711719673105,0.0014281778874952844
595,0.9359463405943598,0.0014077332816701436,0.9359463405943598,0.0014077332816701436
596,0.9362197097656776,0.0013876232366894716,0.9362197097656776,0.0013876232366894716
597,0.936491291480796,0.001367841882017584,0.936491291480796,0.001367841882017584
598,0.9367610976603405,0.0013483834544088782,0.9367610976603405,0.0013483834544088782
599,0.9370291401463673,0.0013292422959213358,0.9370291401463673,0.0013292422959213358
600,0.9372954307027118,0.0013104128519661345,0.9372954307027118,0.0013104128519661345
601,0.937559981015326,0.0012918896693926713,0.937559981015326,0.0012918896693926713
602,0.9378228026926309,0.0012736673946085054,0.9378228026926309,0.0012736673946085054
603,0.9380839072658615,0.0012557407717335254,0.9380839072658615,0.0012557407717335254
604,0.9383433061894183,0.001238104640787846,0.9383433061894183,0.001238104640787846
605,0.9386010108412226,0.0012207539359127557,0.9386010108412226,0.0012207539359127557
606,0.9388570325230646,0.0012036836836242797,0.9388570325230646,0.0012036836836242797
607,0.9391113824609661,0.0011868890010986617,0.9391113824609661,0.0011868890010986617
608,0.9393640718055319,0.0011703650944893235,0.9393640718055319,0.0011703650944893235
609,0.9396151116323124,0.0011541072572746997,0.9396151116323124,0.0011541072572746997
610,0.9398645129421629,0.001138110868636424,0.9398645129421629,0.001138110868636424
611,0.9401122866616025,0.0011223713918673357,0.9401122866616025,0.0011223713918673357
612,0.9403584436431822,0.0011068843728088103,0.9403584436431822,0.0011068843728088103
613,0.940602994665843,0.0010916454383168835,0.940602994665843,0.0010916454383168835
614,0.9408459504352833,0.0010766502947566526,0.9408459504352833,0.0010766502947566526
615,0.9410873215843274,0.0010618947265244867,0.9410873215843274,0.0010618947265244867
616,0.9413271186732859,0.0010473745945975396,0.9413271186732859,0.0010473745945975396
617,0.9415653521903294,0.0010330858351100978,0.9415653521903294,0.0010330858351100978
618,0.9418020325518551,0.0010190244579562579,0.9418020325518551,0.0010190244579562579
619,0.9420371701028524,0.0010051865454185139,0.9420371701028524,0.0010051865454185139
620,0.9422707751172784,0.0009915682508217553,0.9422707751172784,0.0009915682508217553
621,0.9425028577984235,0.0009781657972122457,0.9425028577984235,0.0009781657972122457
622,0.9427334282792849,0.0009649754760611304,0.9427334282792849,0.0009649754760611304
623,0.9429624966229354,0.0009519936459920246,0.9429624966229354,0.0009519936459920246
624,0.9431900728228976,0.000939216731532293,0.9431900728228976,0.000939216731532293
625,0.943416166803514,0.0009266412218875225,0.943416166803514,0.0009266412218875225
626,0.9436407884203194,0.0009142636697388487,0.9436407884203194,0.0009142636697388487
627,0.9438639474604127,0.0009020806900626784,0.9438639474604127,0.0009020806900626784
628,0.9440856536428301,0.0008900889589724134,0.9440856536428301,0.0008900889589724134
629,0.9443059166189193,0.0008782852125818032,0.9443059166189193,0.0008782852125818032
630,0.9445247459727062,0.0008666662458894816,0.9445247459727062,0.0008666662458894816
631,0.9447421512212741,0.0008552289116843668,0.9447421512212741,0.0008552289116843668
632,0.944958141815132,0.0008439701194715042,0.944958141815132,0.0008439701194715042
633,0.9451727271385881,0.0008328868344179931,0.9451727271385881,0.0008328868344179931
634,0.9453859165101218,0.0008219760763186346,0.9453859165101218,0.0008219760763186346
635,0.9455977191827543,0.0008112349185809395,0.9455977191827543,0.0008112349185809395
636,0.9458081443444224,0.0008006604872291356,0.9458081443444224,0.0008006604872291356
637,0.946017201118348,0.0007902499599268451,0.946017201118348,0.0007902499599268451
638,0.946224898563409,0.0007800005650180635,0.946224898563409,0.0007800005650180635
639,0.9464312456745091,0.0007699095805861365,0.9464312456745091,0.0007699095805861365
640,0.9466362513829506,0.0007599743335303727,0.9466362513829506,0.0007599743335303727
641,0.9468399245568008,0.0007501921986599979,0.9468399245568008,0.0007501921986599979
642,0.9470422740012608,0.0007405605978051018,0.9470422740012608,0.0007405605978051018
643,0.9472433084590358,0.0007310769989442951,0.9472433084590358,0.0007310769989442951
644,0.947443036610701,0.0007217389153487403,0.947443036610701,0.0007217389153487403
645,0.9476414670750704,0.0007125439047422707,0.9476414670750704,0.0007125439047422707
646,0.9478386084095609,0.0007034895684773047,0.9478386084095609,0.0007034895684773047
647,0.9480344691105588,0.0006945735507262368,0.9480344691105588,0.0006945735507262368
648,0.9482290576137851,0.0006857935376880506,0.9482290576137851,0.0006857935376880506
649,0.9484223822946587,0.0006771472568098533,0.9484223822946587,0.0006771472568098533
650,0.9486144514686609,0.000668632476023052,0.9486144514686609,0.000668632476023052
651,0.9488052733916943,0.0006602470029939133,0.9488052733916943,0.0006602470029939133
652,0.9489948562604489,0.0006519886843882235,0.9489948562604489,0.0006519886843882235
653,0.9491832082127585,0.0006438554051498032,0.9491832082127585,0.0006438554051498032
654,0.9493703373279615,0.0006358450877925935,0.9493703373279615,0.0006358450877925935
655,0.9495562516272605,0.0006279556917060967,0.9495562516272605,0.0006279556917060967
656,0.949740959074078,0.0006201852124738801,0.949740959074078,0.0006201852124738801
657,0.9499244675744147,0.0006125316812049316,0.9499244675744147,0.0006125316812049316
658,0.9501067849772027,0.0006049931638776121,0.9501067849772027,0.0006049931638776121
659,0.9502879190746615,0.0005975677606959689,0.9502879190746615,0.0005975677606959689
660,0.9504678776026492,0.0005902536054581799,0.9504678776026492,0.0005902536054581799
661,0.9506466682410172,0.000583048864936909,0.9506466682410172,0.000583048864936909
662,0.9508242986139593,0.0005759517382713288,0.9508242986139593,0.0005759517382713288
663,0.9510007762903595,0.0005689604563706151,0.9510007762903595,0.0005689604563706151
664,0.9511761087841452,0.0005620732813286837,0.9511761087841452,0.0005620732813286837
665,0.9513503035546297,0.0005552885058499612,0.9513503035546297,0.0005552885058499612
666,0.9515233680068602,0.0005486044526859717,0.9515233680068602,0.0005486044526859717
667,0.9516953094919638,0.0005420194740825675,0.9516953094919638,0.0005420194740825675
668,0.9518661353074866,0.0005355319512375542,0.9518661353074866,0.0005355319512375542
669,0.9520358526977407,0.0005291402937685668,0.9520358526977407,0.0005291402937685668
670,0.952204468854141,0.0005228429391909596,0.952204468854141,0.0005228429391909596
671,0.9523719909155481,0.0005166383524055437,0.9523719909155481,0.0005166383524055437
672,0.9525384259686022,0.0005105250251959797,0.9525384259686022,0.0005105250251959797
673,0.9527037810480635,0.0005045014757356583,0.9527037810480635,0.0005045014757356583
674,0.9528680631371458,0.0004985662481038479,0.9528680631371458,0.0004985662481038479
675,0.9530312791678484,0.0004927179118109865,0.9530312791678484,0.0004927179118109865
676,0.9531934360212939,0.0004869550613329049,0.9531934360212939,0.0004869550613329049
677,0.9533545405280519,0.00048127631565383233,0.9533545405280519,0.00048127631565383233
678,0.9535145994684757,0.0004756803178180113,0.9535145994684757,0.0004756803178180113
679,0.9536736195730248,0.0004701657344897569,0.9536736195730248,0.0004701657344897569
680,0.9538316075225951,0.000464731255521805,0.9538316075225951,0.000464731255521805
681,0.953988569948841,0.0004593755935317887,0.953988569948841,0.0004593755935317887
682,0.9541445134345026,0.0004540974834866883,0.9541445134345026,0.0004540974834866883
683,0.9542994445137244,0.0004488956822951096,0.9542994445137244,0.0004488956822951096
684,0.9544533696723779,0.00044376896840722955,0.9544533696723779,0.00044376896840722955
685,0.9546062953483795,0.0004387161414222751,0.9546062953483795,0.0004387161414222751
686,0.9547582279320089,0.00043373602170338924,0.9547582279320089,0.00043373602170338924
687,0.9549091737662239,0.0004288274499997391,0.9549091737662239,0.0004288274499997391
688,0.9550591391469772,0.000423989287075729,0.9550591391469772,0.000423989287075729
689,0.9552081303235268,0.00041922041334719435,0.9552081303235268,0.00041922041334719435
690,0.9553561534987474,0.00041451972852442435,0.9553561534987474,0.00041451972852442435
691,0.9555032148294419,0.00040988615126190116,0.9555032148294419,0.00040988615126190116
692,0.9556493204266487,0.00040531861881461787,0.9556493204266487,0.00040531861881461787
693,0.955794476355947,0.00040081608670085317,0.955794476355947,0.00040081608670085317
694,0.9559386886377637,0.00039637752837127393,0.9559386886377637,0.00039637752837127393
695,0.9560819632476754,0.0003920019348842637,0.9560819632476754,0.0003920019348842637
696,0.9562243061167109,0.0003876883145873236,0.9562243061167109,0.0003876883145873236
697,0.9563657231316507,0.0003834356928044718,0.9563657231316507,0.0003834356928044718
698,0.9565062201353258,0.00037924311152949655,0.9565062201353258,0.00037924311152949655
699,0.9566458029269153,0.0003751096291249588,0.9566458029269153,0.0003751096291249588
700,0.9567844772622403,0.00037103432002684515,0.9567844772622403,0.00037103432002684515
701,0.9569222488540587,0.00036701627445474605,0.9569222488540587,0.00036701627445474605
702,0.9570591233723571,0.0003630545981274743,0.9570591233723571,0.0003630545981274743
703,0.9571951064446401,0.000359148411983994,0.9571951064446401,0.000359148411983994
704,0.9573302036562208,0.0003552968519095902,0.9573302036562208,0.0003552968519095902
705,0.9574644205505057,0.00035149906846714966,0.9574644205505057,0.00035149906846714966
706,0.9575977626292842,0.00034775422663347146,0.9575977626292842,0.00034775422663347146
707,0.9577302353530062,0.0003440615055405145,0.9577302353530062,0.0003440615055405145
708,0.9578618441410701,0.00034042009822147216,0.9578618441410701,0.00034042009822147216
709,0.9579925943721017,0.00033682921136159513,0.9579925943721017,0.00033682921136159513
710,0.9581224913842309,0.00033328806505366953,0.9581224913842309,0.00033328806505366953
711,0.9582515404753711,0.0003297958925580585,0.9582515404753711,0.0003297958925580585
712,0.9583797469034959,0.00032635194006721803,0.9583797469034959,0.00032635194006721803
713,0.9585071158869091,0.00032295546647461337,0.9585071158869091,0.00032295546647461337
714,0.9586336526045223,0.000319605743147934,0.9586336526045223,0.000319605743147934
715,0.9587593621961205,0.00031630205370654173,0.9587593621961205,0.00031630205370654173
716,0.9588842497626344,0.00031304369380306317,0.9588842497626344,0.00031304369380306317
717,0.9590083203664086,0.000309829970909045,0.9590083203664086,0.000309829970909045
718,0.9591315790314635,0.0003066602041046071,0.9591315790314635,0.0003066602041046071
719,0.9592540307437623,0.00030353372387199586,0.9592540307437623,0.00030353372387199586
720,0.959375680451474,0.0003004498718929874,0.959375680451474,0.0003004498718929874
721,0.9594965330652324,0.0002974080008500523,0.9594965330652324,0.0002974080008500523
722,0.9596165934583956,0.00029440747423120764,0.9596165934583956,0.00029440747423120764
723,0.9597358664673069,0.00029144766613850196,0.9597358664673069,0.00029144766613850196
724,0.9598543568915442,0.00028852796110004814,0.9598543568915442,0.00028852796110004814
725,0.9599720694941808,0.0002856477538855437,0.9599720694941808,0.0002856477538855437
726,0.9600890090020359,0.00028280644932520994,0.9600890090020359,0.00028280644932520994
727,0.960205180105923,0.0002800034621320895,0.960205180105923,0.0002800034621320895
728,0.9603205874609041,0.00027723821672762886,0.9603205874609041,0.00027723821672762886
729,0.960435235686535,0.0002745101470704944,0.960435235686535,0.0002745101470704944
730,0.96054912936711,0.0002718186964885528,0.96054912936711,0.0002718186964885528
731,0.9606622730519107,0.0002691633175139575,0.9606622730519107,0.0002691633175139575
732,0.9607746712554461,0.0002665434717212827,0.9607746712554461,0.0002665434717212827
733,0.9608863284576927,0.00026395862956864647,0.9608863284576927,0.00026395862956864647
734,0.9609972491043399,0.00026140827024177034,0.9609972491043399,0.00026140827024177034
735,0.9611074376070214,0.00025889188150090685,0.9611074376070214,0.00025889188150090685
736,0.9612168983435575,0.0002564089595305987,0.9612168983435575,0.0002564089595305987
737,0.9613256356581865,0.0002539590087922009,0.9613256356581865,0.0002539590087922009
738,0.9614336538617997,0.0002515415418791194,0.9614336538617997,0.0002515415418791194
739,0.9615409572321741,0.000249156079374715,0.9615409572321741,0.000249156079374715
740,0.9616475500142017,0.0002468021497128218,0.9616475500142017,0.0002468021497128218
741,0.9617534364201168,0.0002444792890408245,0.9617534364201168,0.0002444792890408245
742,0.9618586206297258,0.00024218704108526203,0.9618586206297258,0.00024218704108526203
743,0.9619631067906333,0.00023992495701988486,0.9619631067906333,0.00023992495701988486
744,0.9620668990184632,0.0002376925953361455,0.9620668990184632,0.0002376925953361455
745,0.9621700013970831,0.00023548952171605612,0.9621700013970831,0.00023548952171605612
746,0.9622724179788257,0.0002333153089073808,0.9622724179788257,0.0002333153089073808
747,0.962374152784706,0.00023116953660111186,0.962374152784706,0.00023116953660111186
748,0.9624752098046432,0.0002290517913111865,0.9624752098046432,0.0002290517913111865
749,0.9625755929976738,0.0002269616662564113,0.9625755929976738,0.0002269616662564113
750,0.9626753062921674,0.0002248987612445342,0.9626753062921674,0.0002248987612445342
751,0.9627743535860395,0.0002228626825584457,0.9627743535860395,0.0002228626825584457
752,0.9628727387469654,0.00022085304284444717,0.9628727387469654,0.00022085304284444717
753,0.96297046561259,0.00021886946100256678,0.96297046561259,0.00021886946100256678
754,0.963067537990733,0.0002169115620788695,0.963067537990733,0.0002169115620788695
755,0.9631639596596011,0.00021497897715973136,0.9631639596596011,0.00021497897715973136
756,0.9632597343679923,0.00021307134326804046,0.9632597343679923,0.00021307134326804046
757,0.9633548658354996,0.00021118830326128174,0.9633548658354996,0.00021118830326128174
758,0.9634493577527143,0.00020932950573148077,0.9634493577527143,0.00020932950573148077
759,0.9635432137814263,0.00020749460490696413,0.9635432137814263,0.00020749460490696413
760,0.9636364375548271,0.00020568326055590123,0.9636364375548271,0.00020568326055590123
761,0.9637290326777049,0.00020389513789159907,0.9637290326777049,0.00020389513789159907
762,0.9638210027266455,0.0002021299074795159,0.9638210027266455,0.0002021299074795159
763,0.9639123512502237,0.00020038724514595766,0.9639123512502237,0.00020038724514595766
764,0.964003081769201,0.00019866683188842556,0.964003081769201,0.00019866683188842556
765,0.964093197776715,0.00019696835378759463,0.964093197776715,0.00019696835378759463
766,0.9641827027384741,0.00019529150192087446,0.9641827027384741,0.00019529150192087446
767,0.9642716000929465,0.0001936359722775394,0.9642716000929465,0.0001936359722775394
768,0.9643598932515478,0.00019200146567538675,0.9643598932515478,0.00019200146567538675
769,0.9644475855988276,0.00019038768767890233,0.9644475855988276,0.00019038768767890233
770,0.9645346804926572,0.0001887943485189008,0.9645346804926572,0.0001887943485189008
771,0.9646211812644127,0.00018722116301361295,0.9646211812644127,0.00018722116301361295
772,0.9647070912191577,0.00018566785049119617,0.9647070912191577,0.00018566785049119617
773,0.9647924136358256,0.00018413413471363824,0.9647924136358256,0.00018413413471363824
774,0.9648771517674001,0.0001826197438020304,0.9648771517674001,0.0001826197438020304
775,0.964961308841092,0.00018112441016318172,0.964961308841092,0.00018112441016318172
776,0.9650448880585191,0.00017964787041755486,0.9650448880585191,0.00017964787041755486
777,0.9651278925958812,0.00017818986532848864,0.9651278925958812,0.00017818986532848864
778,0.9652103256041337,0.00017675013973269892,0.9652103256041337,0.00017675013973269892
779,0.9652921902091639,0.00017532844247201463,0.9652921902091639,0.00017532844247201463
780,0.9653734895119596,0.00017392452632634408,0.9653734895119596,0.00017392452632634408
781,0.965454226588784,0.00017253814794783808,0.965454226588784,0.00017253814794783808
782,0.9655344044913403,0.00017116906779622663,0.9655344044913403,0.00017116906779622663
783,0.9656140262469434,0.00016981705007531887,0.9656140262469434,0.00016981705007531887
784,0.9656930948586856,0.00016848186267062805,0.9656930948586856,0.00016848186267062805
785,0.9657716133056028,0.00016716327708811456,0.9657716133056028,0.00016716327708811456
786,0.9658495845428358,0.00016586106839402127,0.9658495845428358,0.00016586106839402127
787,0.9659270115017987,0.00016457501515577676,0.9659270115017987,0.00016457501515577676
788,0.9660038970903345,0.00016330489938395424,0.9660038970903345,0.00016330489938395424
789,0.9660802441928794,0.0001620505064752607,0.9660802441928794,0.0001620505064752607
790,0.9661560556706222,0.00016081162515654203,0.9661560556706222,0.00016081162515654203
791,0.9662313343616582,0.00015958804742977889,0.9662313343616582,0.00015958804742977889
792,0.9663060830811501,0.00015837956851806202,0.9663060830811501,0.00015837956851806202
793,0.9663803046214823,0.00015718598681252493,0.9663803046214823,0.00015718598681252493
794,0.9664540017524124,0.00015600710382021512,0.9664540017524124,0.00015600710382021512
795,0.9665271772212275,0.00015484272411289232,0.9665271772212275,0.00015484272411289232
796,0.966599833752894,0.00015369265527672912,0.966599833752894,0.00015369265527672912
797,0.9666719740502093,0.00015255670786290271,0.9666719740502093,0.00015255670786290271
798,0.9667436007939492,0.00015143469533906008,0.9667436007939492,0.00015143469533906008
799,0.9668147166430183,0.00015032643404163984,0.9668147166430183,0.00015032643404163984
800,0.9668853242345942,0.00014923174312903394,0.9668853242345942,0.00014923174312903394
801,0.9669554261842745,0.00014815044453557767,0.9669554261842745,0.00014815044453557767
802,0.9670250250862231,0.0001470823629263478,0.9670250250862231,0.0001470823629263478
803,0.9670941235133101,0.0001460273256527599,0.9670941235133101,0.0001460273256527599
804,0.9671627240172549,0.0001449851627089412,0.9671627240172549,0.0001449851627089412
805,0.9672308291287697,0.0001439557066888786,0.9672308291287697,0.0001439557066888786
806,0.9672984413576947,0.00014293879274430982,0.9672984413576947,0.00014293879274430982
807,0.9673655631931425,0.00014193425854336345,0.9673655631931425,0.00014193425854336345
808,0.9674321971036292,0.00014094194422991537,0.9674321971036292,0.00014094194422991537
809,0.9674983455372165,0.00013996169238366613,0.9674983455372165,0.00013996169238366613
810,0.9675640109216425,0.00013899334798091106,0.9675640109216425,0.00013899334798091106
811,0.9676291956644595,0.0001380367583559997,0.9676291956644595,0.0001380367583559997
812,0.967693902153164,0.00013709177316347196,0.967693902153164,0.00013709177316347196
813,0.9677581327553294,0.00013615824434084952,0.9677581327553294,0.00013615824434084952
814,0.9678218898187386,0.00013523602607208465,0.9678218898187386,0.00013523602607208465
815,0.9678851756715099,0.0001343249747516412,0.9678851756715099,0.0001343249747516412
816,0.9679479926222304,0.00013342494894920601,0.9679479926222304,0.00013342494894920601
817,0.9680103429600794,0.00013253580937501352,0.9680103429600794,0.00013253580937501352
818,0.9680722289549568,0.00013165741884577399,0.9680722289549568,0.00013165741884577399
819,0.968133652857607,0.00013078964225119623,0.968133652857607,0.00013078964225119623
820,0.9681946168997444,0.00012993234652109302,0.9681946168997444,0.00012993234652109302
821,0.9682551232941782,0.00012908540059305474,0.9682551232941782,0.00012908540059305474
822,0.9683151742349305,0.00012824867538069066,0.9683151742349305,0.00012824867538069066
823,0.9683747718973597,0.00012742204374241561,0.9683747718973597,0.00012742204374241561
824,0.9684339184382815,0.000126605380450782,0.9684339184382815,0.000126605380450782
825,0.9684926159960849,0.00012579856216234263,0.9684926159960849,0.00012579856216234263
826,0.9685508666908547,0.00012500146738803284,0.9685508666908547,0.00012500146738803284
827,0.9686086726244834,0.00012421397646407255,0.9686086726244834,0.00012421397646407255
828,0.968666035880791,0.00012343597152336322,0.968666035880791,0.00012343597152336322
829,0.9687229585256375,0.00012266733646738563,0.9687229585256375,0.00012266733646738563
830,0.968779442607039,0.00012190795693858199,0.968779442607039,0.00012190795693858199
831,0.968835490155278,0.00012115772029321311,0.968835490155278,0.00012115772029321311
832,0.9688911031830189,0.00012041651557468613,0.9688911031830189,0.00012041651557468613
833,0.968946283685414,0.00011968423348734154,0.968946283685414,0.00011968423348734154
834,0.9690010336402183,0.00011896076637069389,0.9690010336402183,0.00011896076637069389
835,0.9690553550078961,0.00011824600817411387,0.9690553550078961,0.00011824600817411387
836,0.9691092497317281,0.00011753985443194723,0.9691092497317281,0.00011753985443194723
837,0.9691627197379219,0.00011684220223906423,0.9691627197379219,0.00011684220223906423
838,0.9692157669357143,0.00011615295022682654,0.9692157669357143,0.00011615295022682654
839,0.9692683932174776,0.00011547199853946892,0.9692683932174776,0.00011547199853946892
840,0.9693206004588265,0.000114799248810888,0.9693206004588265,0.000114799248810888
841,0.9693723905187158,0.00011413460414182781,0.9693723905187158,0.00011413460414182781
842,0.9694237652395488,0.00011347796907745737,0.9694237652395488,0.00011347796907745737
843,0.969474726447274,0.00011282924958533483,0.969474726447274,0.00011282924958533483
844,0.9695252759514883,0.00011218835303374731,0.9695252759514883,0.00011218835303374731
845,0.9695754155455347,0.00011155518817042396,0.9695754155455347,0.00011155518817042396
846,0.9696251470066045,0.0001109296651016129,0.9696251470066045,0.0001109296651016129
847,0.9696744720958282,0.00011031169527151666,0.9696744720958282,0.00011031169527151666
848,0.9697233925583787,0.00010970119144208072,0.9697233925583787,0.00010970119144208072
849,0.9697719101235659,0.00010909806767312618,0.9697719101235659,0.00010909806767312618
850,0.9698200265049288,0.00010850223930282477,0.9698200265049288,0.00010850223930282477
851,0.9698677434003317,0.00010791362292850595,0.9698677434003317,0.00010791362292850595
852,0.9699150624920599,0.00010733213638779293,0.9699150624920599,0.00010733213638779293
853,0.9699619854469057,0.00010675769874006247,0.9699619854469057,0.00010675769874006247
854,0.9700085139162664,0.0001061902302482178,0.9700085139162664,0.0001061902302482178
855,0.9700546495362313,0.00010562965236077829,0.9700546495362313,0.00010562965236077829
856,0.9701003939276718,0.00010507588769426969,0.9701003939276718,0.00010507588769426969
857,0.9701457486963333,0.00010452886001591952,0.9701457486963333,0.00010452886001591952
858,0.9701907154329176,0.00010398849422664512,0.9701907154329176,0.00010398849422664512
859,0.970235295713175,0.00010345471634433253,0.970235295713175,0.00010345471634433253
860,0.9702794910979889,0.00010292745348740302,0.9702794910979889,0.00010292745348740302
861,0.9703233031334628,0.00010240663385865631,0.9703233031334628,0.00010240663385865631
862,0.9703667333510012,0.00010189218672939256,0.9703667333510012,0.00010189218672939256
863,0.9704097832673968,0.00010138404242380399,0.9704097832673968,0.00010138404242380399
864,0.9704524543849146,0.00010088213230363226,0.9704524543849146,0.00010088213230363226
865,0.9704947481913704,0.00010038638875308999,0.9704947481913704,0.00010038638875308999
866,0.9705366661602137,9.989674516403636e-05,0.9705366661602137,9.989674516403636e-05
867,0.9705782097506113,9.94131359214074e-05,0.9705782097506113,9.94131359214074e-05
868,0.9706193804075208,9.893549638889463e-05,0.9706193804075208,9.893549638889463e-05
869,0.9706601795617773,9.84637628948687e-05,0.9706601795617773,9.84637628948687e-05
870,0.9707006086301647,9.799787271854145e-05,0.9707006086301647,9.799787271854145e-05
871,0.9707406690154985,9.753776407636568e-05,0.9707406690154985,9.753776407636568e-05
872,0.9707803621066978,9.708337610866786e-05,0.9707803621066978,9.708337610866786e-05
873,0.9708196892788655,9.66346488665051e-05,0.9708196892788655,9.66346488665051e-05
874,0.9708586518933601,9.61915232987527e-05,0.9708586518933601,9.61915232987527e-05
875,0.9708972512978726,9.575394123940594e-05,0.9708972512978726,9.575394123940594e-05
876,0.9709354888264977,9.532184539510423e-05,0.9709354888264977,9.532184539510423e-05
877,0.9709733657998075,9.489517933286482e-05,0.9709733657998075,9.489517933286482e-05
878,0.9710108835249255,9.447388746802825e-05,0.9710108835249255,9.447388746802825e-05
879,0.9710480432955946,9.405791505240928e-05,0.9710480432955946,9.405791505240928e-05
880,0.9710848463922502,9.364720816265143e-05,0.9710848463922502,9.364720816265143e-05
881,0.9711212940820867,9.324171368878029e-05,0.9711212940820867,9.324171368878029e-05
882,0.9711573876191334,9.284137932295183e-05,0.9711573876191334,9.284137932295183e-05
883,0.971193128244313,9.24461535483981e-05,0.971193128244313,9.24461535483981e-05
884,0.9712285171855192,9.205598562855628e-05,0.9712285171855192,9.205598562855628e-05
885,0.9712635556576745,9.167082559639022e-05,0.9712635556576745,9.167082559639022e-05
886,0.9712982448628054,9.12906242438921e-05,0.9712982448628054,9.12906242438921e-05
887,0.9713325859900995,9.09153331117654e-05,0.9713325859900995,9.09153331117654e-05
888,0.9713665802159749,9.054490447928691e-05,0.9713665802159749,9.054490447928691e-05
889,0.9714002287041432,9.017929135434128e-05,0.9714002287041432,9.017929135434128e-05
890,0.9714335326056732,8.98184474636295e-05,0.9714335326056732,8.98184474636295e-05
891,0.9714664930590523,8.946232724304517e-05,0.9714664930590523,8.946232724304517e-05
892,0.971499111190249,8.911088582821793e-05,0.971499111190249,8.911088582821793e-05
893,0.9715313881127752,8.876407904522042e-05,0.9715313881127752,8.876407904522042e-05
894,0.9715633249277438,8.842186340143604e-05,0.9715633249277438,8.842186340143604e-05
895,0.9715949227239321,8.80841960765862e-05,0.9715949227239321,8.80841960765862e-05
896,0.9716261825778384,8.775103491391202e-05,0.9716261825778384,8.775103491391202e-05
897,0.9716571055537407,8.742233841151183e-05,0.9716571055537407,8.742233841151183e-05
898,0.9716876927037559,8.709806571382673e-05,0.9716876927037559,8.709806571382673e-05
899,0.9717179450678952,8.677817660327821e-05,0.9717179450678952,8.677817660327821e-05
900,0.9717478636741206,8.646263149204943e-05,0.9717478636741206,8.646263149204943e-05
901,0.9717774495384031,8.615139141401197e-05,0.9717774495384031,8.615139141401197e-05
902,0.9718067036647734,8.584441801679446e-05,0.9718067036647734,8.584441801679446e-05
903,0.9718356270453814,8.554167355399025e-05,0.9718356270453814,8.554167355399025e-05
904,0.9718642206605455,8.524312087750212e-05,0.9718642206605455,8.524312087750212e-05
905,0.9718924854788074,8.494872343002412e-05,0.9718924854788074,8.494872343002412e-05
906,0.9719204224569861,8.46584452376546e-05,0.9719204224569861,8.46584452376546e-05
907,0.9719480325402275,8.437225090264207e-05,0.9719480325402275,8.437225090264207e-05
908,0.9719753166620563,8.409010559625863e-05,0.9719753166620563,8.409010559625863e-05
909,0.9720022757444261,8.381197505180221e-05,0.9720022757444261,8.381197505180221e-05
910,0.9720289106977709,8.353782555772325e-05,0.9720289106977709,8.353782555772325e-05
911,0.9720552224210508,8.326762395087509e-05,0.9720552224210508,8.326762395087509e-05
912,0.9720812118018057,8.300133760988537e-05,0.9720812118018057,8.300133760988537e-05
913,0.9721068797161992,8.273893444864802e-05,0.9721068797161992,8.273893444864802e-05
914,0.9721322270290661,8.248038290993231e-05,0.9721322270290661,8.248038290993231e-05
915,0.9721572545939621,8.222565195910944e-05,0.9721572545939621,8.222565195910944e-05
916,0.972181963253207,8.197471107799196e-05,0.972181963253207,8.197471107799196e-05
917,0.9722063538379315,8.17275302587869e-05,0.9722063538379315,8.17275302587869e-05
918,0.972230427168122,8.148407999816016e-05,0.972230427168122,8.148407999816016e-05
919,0.9722541840526632,8.124433129141059e-05,0.9722541840526632,8.124433129141059e-05
920,0.9722776252893857,8.100825562675134e-05,0.9722776252893857,8.100825562675134e-05
921,0.9723007516651034,8.077582497969786e-05,0.9723007516651034,8.077582497969786e-05
922,0.9723235639556613,8.054701180756134e-05,0.9723235639556613,8.054701180756134e-05
923,0.9723460629259746,8.032178904404545e-05,0.9723460629259746,8.032178904404545e-05
924,0.9723682493300696,8.010013009394408e-05,0.9723682493300696,8.010013009394408e-05
925,0.972390123911126,7.98820088279409e-05,0.972390123911126,7.98820088279409e-05
926,0.9724116874015151,7.966739957750727e-05,0.9724116874015151,7.966739957750727e-05
927,0.9724329405228405,7.945627712989815e-05,0.9724329405228405,7.945627712989815e-05
928,0.9724538839859771,7.924861672324445e-05,0.9724538839859771,7.924861672324445e-05
929,0.972474518491109,7.904439404174079e-05,0.972474518491109,7.904439404174079e-05
930,0.9724948447277655,7.884358521092558e-05,0.9724948447277655,7.884358521092558e-05
931,0.9725148633748614,7.864616679305625e-05,0.9725148633748614,7.864616679305625e-05
932,0.9725345751007312,7.845211578257312e-05,0.9725345751007312,7.845211578257312e-05
933,0.9725539805631661,7.826140960165571e-05,0.9725539805631661,7.826140960165571e-05
934,0.9725730804094491,7.807402609586571e-05,0.9725730804094491,7.807402609586571e-05
935,0.9725918752763886,7.788994352988003e-05,0.9725918752763886,7.788994352988003e-05
936,0.9726103657903554,7.77091405833082e-05,0.9726103657903554,7.77091405833082e-05
937,0.9726285525673134,7.753159634659719e-05,0.9726285525673134,7.753159634659719e-05
938,0.9726464362128546,7.735729031701964e-05,0.9726464362128546,7.735729031701964e-05
939,0.9726640173222312,7.718620239474554e-05,0.9726640173222312,7.718620239474554e-05
940,0.9726812964803868,7.701831287899687e-05,0.9726812964803868,7.701831287899687e-05
941,0.9726982742619883,7.685360246428253e-05,0.9726982742619883,7.685360246428253e-05
942,0.9727149512314575,7.669205223671473e-05,0.9727149512314575,7.669205223671473e-05
943,0.9727313279430005,7.653364367040367e-05,0.9727313279430005,7.653364367040367e-05
944,0.9727474049406376,7.63783586239316e-05,0.9727474049406376,7.63783586239316e-05
945,0.9727631827582326,7.622617933690345e-05,0.9727631827582326,7.622617933690345e-05
946,0.972778661919522,7.607708842657514e-05,0.972778661919522,7.607708842657514e-05
947,0.9727938429381412,7.593106888455614e-05,0.9727938429381412,7.593106888455614e-05
948,0.972808726317654,7.578810407358828e-05,0.972808726317654,7.578810407358828e-05
949,0.9728233125515799,7.56481777243974e-05,0.9728233125515799,7.56481777243974e-05
950,0.9728376021234179,7.551127393261928e-05,0.9728376021234179,7.551127393261928e-05
951,0.9728515955066758,7.537737715579716e-05,0.9728515955066758,7.537737715579716e-05
952,0.9728652931648917,7.524647221045027e-05,0.9728652931648917,7.524647221045027e-05
953,0.9728786955516635,7.511854426921491e-05,0.9728786955516635,7.511854426921491e-05
954,0.9728918031106683,7.499357885805423e-05,0.9728918031106683,7.499357885805423e-05
955,0.9729046162756912,7.487156185353747e-05,0.9729046162756912,7.487156185353747e-05
956,0.9729171354706434,7.47524794801882e-05,0.9729171354706434,7.47524794801882e-05
957,0.9729293611095889,7.46363183079011e-05,0.9729293611095889,7.46363183079011e-05
958,0.9729412935967645,7.452306524942378e-05,0.9729412935967645,7.452306524942378e-05
959,0.9729529333266027,7.441270755790836e-05,0.9729529333266027,7.441270755790836e-05
960,0.9729642806837522,7.430523282452675e-05,0.9729642806837522,7.430523282452675e-05
961,0.9729753360430965,7.420062897615129e-05,0.9729753360430965,7.420062897615129e-05
962,0.9729860997697797,7.409888427310222e-05,0.9729860997697797,7.409888427310222e-05
963,0.9729965722192182,7.399998730695712e-05,0.9729965722192182,7.399998730695712e-05
964,0.9730067537371273,7.390392699842496e-05,0.9730067537371273,7.390392699842496e-05
965,0.9730166446595337,7.381069259528332e-05,0.9730166446595337,7.381069259528332e-05
966,0.9730262453127977,7.37202736703775e-05,0.9730262453127977,7.37202736703775e-05
967,0.9730355560136267,7.363266011968273e-05,0.9730355560136267,7.363266011968273e-05
968,0.973044577069097,7.354784216042663e-05,0.973044577069097,7.354784216042663e-05
969,0.9730533087766654,7.34658103292743e-05,0.9730533087766654,7.34658103292743e-05
970,0.973061751424189,7.338655548057174e-05,0.973061751424189,7.338655548057174e-05
971,0.9730699052899368,7.331006878465214e-05,0.9730699052899368,7.331006878465214e-05
972,0.9730777706426088,7.323634172619957e-05,0.9730777706426088,7.323634172619957e-05
973,0.9730853477413461,7.316536610267302e-05,0.9730853477413461,7.316536610267302e-05
974,0.9730926368357476,7.309713402278906e-05,0.9730926368357476,7.309713402278906e-05
975,0.9730996381658835,7.303163790506377e-05,0.9730996381658835,7.303163790506377e-05
976,0.9731063519623058,7.296887047641111e-05,0.9731063519623058,7.296887047641111e-05
977,0.973112778446063,7.290882477080042e-05,0.973112778446063,7.290882477080042e-05
978,0.9731189178287095,7.285149412797145e-05,0.9731189178287095,7.285149412797145e-05
979,0.9731247703123196,7.279687219220463e-05,0.9731247703123196,7.279687219220463e-05
980,0.9731303360894962,7.274495291115133e-05,0.9731303360894962,7.274495291115133e-05
981,0.973135615343382,7.269573053471664e-05,0.973135615343382,7.269573053471664e-05
982,0.9731406082476697,7.264919961400199e-05,0.9731406082476697,7.264919961400199e-05
983,0.97314531496661,7.260535500030091e-05,0.97314531496661,7.260535500030091e-05
984,0.9731497356550216,7.256419184415313e-05,0.9731497356550216,7.256419184415313e-05
985,0.9731538704582975,7.252570559445063e-05,0.9731538704582975,7.252570559445063e-05
986,0.9731577195124159,7.248989199760224e-05,0.9731577195124159,7.248989199760224e-05
987,0.9731612829439454,7.245674709675185e-05,0.9731612829439454,7.245674709675185e-05
988,0.9731645608700512,7.24262672310505e-05,0.9731645608700512,7.24262672310505e-05
989,0.9731675533985028,7.239844903498435e-05,0.9731675533985028,7.239844903498435e-05
990,0.97317026062768,7.23732894377568e-05,0.97317026062768,7.23732894377568e-05
991,0.9731726826465757,7.235078566272522e-05,0.9731726826465757,7.235078566272522e-05
992,0.9731748195348036,7.233093522688969e-05,0.9731748195348036,7.233093522688969e-05
993,0.9731766713626008,7.231373594043927e-05,0.9731766713626008,7.231373594043927e-05
994,0.9731782381908314,7.229918590634893e-05,0.9731782381908314,7.229918590634893e-05
995,0.9731795200709915,7.228728352003213e-05,0.9731795200709915,7.228728352003213e-05
996,0.9731805170452082,7.22780274690465e-05,0.9731805170452082,7.22780274690465e-05
997,0.9731812291462475,7.227141673285295e-05,0.9731812291462475,7.227141673285295e-05
998,0.9731816563975106,7.226745058262853e-05,0.9731816563975106,7.226745058262853e-05
999,0.9731817988130381,7.226612858113309e-05,0.9731817988130381,7.226612858113309e-05
